38598,3,2988,D1Rat141,1,1,0,F,0
37984,3,2681,D1Rat232,1,1,3.0099,P,1.2
37658,3,2518,D1Rat247,1,1,4.4799,F,0
34878,3,1125,D1Rat3,1,1,7.8,F,0
36199,3,1788,D1Rat1,1,1,7.84,P,3.1
36568,3,1972,D1Rat4,1,1,7.84,P,3.1
35467,3,1422,D1Rat7,1,1,13.3899,F,0
37296,3,2337,D1Rat148,1,1,14.85,P,1
38028,3,2703,D1Rat121,1,1,18.0099,P,2.6
38640,3,3009,D1Rat153,1,1,18.0099,P,2.6
42264,3,4798,D1Rat463,1,1,19.52,P,.9
34662,3,1043,D1Mgh2,1,1,19.52,P,.9
37688,3,2533,D1Rat192,1,1,20.8399,F,0
41656,3,4517,D1Rat377,1,1,21.7699,P,.8
35685,3,1531,D1Rat10,1,1,21.7699,P,.8
36590,3,1983,D1Rat160,1,1,22.7899,P,2.3
35853,3,1615,D1Rat9,1,1,23.2999,P,2.5
38568,3,2973,D1Rat238,1,1,25.71,P,2.8
37598,3,2488,D1Rat176,1,1,25.71,P,2.8
36550,3,1963,D1Rat12,1,1,25.71,P,2.8
37974,3,2676,D1Rat211,1,1,25.71,P,2.8
39086,3,3232,D1Rat239,1,1,25.7399,F,0
42265,3,4799,D1Arb5,1,1,25.7799,P,2.8
38114,3,2746,D1Rat172,1,1,26.8199,P,1.1
35242,3,1309,D1Rat11,1,1,26.8199,P,1.1
36640,3,2008,D1Rat14,1,1,27.8599,P,1.7
38642,3,3010,D1Rat154,1,1,27.8699,P,2.8
38230,3,2804,D1Rat234,1,1,27.8699,P,2.8
39376,3,3377,D1Rat313,1,1,27.9,F,0
36968,3,2173,D1Rat91,1,1,27.9399,P,2.8
39676,3,3527,D1Rat314,1,1,29.0299,P,1.2
37264,3,2321,D1Rat127,1,1,29.0299,P,1.2
40236,3,3807,D1Rat315,1,1,29.0299,P,1.2
42266,3,4800,D1Rat489,1,1,29.09,P,1.2
42267,3,4801,D1Rat492,1,1,30.1599,P,1.2
37194,3,2286,D1Rat207,1,1,30.3199,P,1.2
38816,3,3097,D1Rat124,1,1,30.3199,P,1.2
36610,3,1993,D1Rat20,1,1,30.3199,P,1.2
41916,3,4647,D1Rat92,1,1,30.3199,P,1.2
36552,3,1964,D1Rat21,1,1,30.3199,P,1.2
38164,3,2771,D1Rat182,1,1,30.3199,P,1.2
37960,3,2669,D1Rat196,1,1,31.7999,F,0
36964,3,2171,D1Rat93,1,1,33.7599,P,1.3
34888,3,1130,D1Rat94,1,1,35.7099,F,0
35186,3,1281,D1Rat378,1,1,35.75,P,3.1
40390,3,3884,D1Rat316,1,1,36.7999,P,1.1
36085,3,1731,D1Rat95,1,1,36.7999,P,1.1
39470,3,3424,D1Rat317,1,1,37.93,P,1.1
10332,3,85,D1Arb32,1,1,38.9799,P,3.1
35308,3,1342,D1Rat24,1,1,39.0099,F,0
10333,3,86,D1Arb33,1,1,39.05,P,3.1
10280,3,71,D1Arb35,1,1,39.05,P,1.8
10337,3,89,D1Mgh5,1,1,40.1,P,1.1
10335,3,88,D1Arb36,1,1,40.1,P,1.1
38188,3,2783,D1Rat213,1,1,42.2599,P,2
34933,3,1153,D1Rat96,1,1,42.2599,P,3.1
40570,3,3974,D1Rat338,1,1,42.2599,P,3.1
40616,3,3997,D1Rat336,1,1,42.29,F,0
34795,3,1083,D1Rat97,1,1,42.3299,P,3.1
39850,3,3614,D1Rat464,1,1,45.09,P,2.3
39312,3,3345,D1Rat212,1,1,45.8399,P,1.4
38420,3,2899,D1Rat189,1,1,46.2899,P,1.3
37288,3,2333,D1Rat341,1,1,46.63,P,.1
34866,3,1119,D1Rat98,1,1,46.81,P,1
36273,3,1825,D1Rat99,1,1,46.81,P,1
35793,3,1585,D1Rat28,1,1,46.81,P,1
37946,3,2662,D1Rat224,1,1,47.87,F,0
38538,3,2958,D1Rat241,1,1,48.9499,P,1
36765,3,2071,D1Rat27,1,1,48.9499,P,1
42083,3,4721,D1Arb37,1,1,48.9499,P,1
36791,3,2084,D1Rat379,1,1,48.9499,P,1
35967,3,1672,D1Rat100,1,1,48.9499,P,1
38792,3,3085,D1Rat137,1,1,48.9499,P,1
40264,3,3821,D1Rat318,1,1,48.9499,P,1
42268,3,4802,D1Rat497,1,1,49.09,P,1.1
42269,3,4803,D1Rat465,1,1,49.52,P,1.2
36936,3,2157,D1Rat102,1,1,50,P,1.3
40474,3,3926,D1Rat380,1,1,50.08,P,1.2
42270,3,4804,D1Rat498,1,1,50.26,P,0
35374,3,1375,D1Rat101,1,1,51.1299,P,0
40274,3,3826,D1Rat319,1,1,51.1299,P,3.1
38218,3,2798,D1Rat214,1,1,51.1299,P,3.1
37248,3,2313,D1Rat222,1,1,51.1299,P,3.1
35220,3,1298,D1Rat29,1,1,52.26,P,3.1
37344,3,2361,D1Rat206,1,1,51.1299,P,3.1
42271,3,4805,D1Rat466,1,1,51.1299,P,3.1
35869,3,1623,D1Rat103,1,1,51.17,F,0
37384,3,2381,D1Rat161,1,1,51.21,P,1.9
34258,3,880,D1Mgh35,1,1,52.26,P,1.2
42272,3,4806,D1Rat490,1,1,53.32,P,1.8
39320,3,3349,D1Rat220,1,1,53.36,F,0
34381,3,941,D1Mgh7,1,1,53.4,P,1.7
36982,3,2180,D1Rat31,1,1,54.46,P,1.1
41898,3,4638,D1Rat467,1,1,55.51,P,1.9
36464,3,1920,D1Rat104,1,1,55.51,P,3.1
35166,3,1271,D1Rat33,1,1,55.54,F,0
41694,3,4536,D1Rat381,1,1,55.58,P,3.1
10613,3,200,D1Arb10,1,1,55.58,P,3.1
35741,3,1559,D1Rat32,1,1,55.58,P,3.1
35268,3,1322,D1Rat34,1,1,55.58,P,3.1
39428,3,3403,D1Rat320,1,1,56.63,P,1.1
38144,3,2761,D1Rat185,1,1,57.02,P,1.3
42273,3,4807,D1Rat499,1,1,57.77,P,2.9
38774,3,3076,D1Rat242,1,1,59.96,P,2.7
36001,3,1689,D1Rat105,1,1,59.96,P,2.7
39316,3,3347,D1Rat217,1,1,59.99,F,0
37674,3,2526,D1Rat179,1,1,62.12,P,2.9
39492,3,3435,D1Rat321,1,1,62.16,F,0
37428,3,2403,D1Rat200,1,1,62.2,P,2.9
36007,3,1692,D1Rat36,1,1,64.4,P,2.6
37884,3,2631,D1Rat184,1,1,65.77,P,1.2
36023,3,1700,D1Rat38,1,1,65.78,P,1.2
41642,3,4510,D1Rat382,1,1,66.57,P,1
34011,3,757,D1Mit2,1,1,66.7,P,.9
37970,3,2674,D1Rat210,1,1,67.73,P,2.7
38336,3,2857,D1Rat350,1,1,67.73,P,2.7
38296,3,2837,D1Rat131,1,1,67.73,P,2.7
34922,3,1147,D1Rat43,1,1,67.73,P,2.7
37518,3,2448,D1Rat134,1,1,67.73,P,2.7
42061,3,4714,D1Arb15,1,1,67.73,P,2.7
37966,3,2672,D1Rat209,1,1,67.73,P,2.7
36862,3,2120,D1Rat42,1,1,67.73,P,2.7
33959,3,731,D1Mit3,1,1,67.73,P,2.7
42274,3,4808,D1Rat485,1,1,67.73,P,2.7
39364,3,3371,D1Rat146,1,1,67.73,P,2.7
35016,3,1195,D1Rat106,1,1,67.73,P,2.7
38732,3,3055,D1Rat230,1,1,67.73,P,2.7
38120,3,2749,D1Rat173,1,1,67.73,P,2.7
40600,3,3989,D1Rat351,1,1,67.73,P,2.7
36227,3,1802,D1Rat46,1,1,67.75,F,0
38332,3,2855,D1Rat138,1,1,68.83,P,1.1
35329,3,1353,D1Rat48,1,1,69.87,P,1.6
35445,3,1411,D1Rat44,1,1,69.91,F,0
35667,3,1522,D1Rat107,1,1,69.95,P,2.7
37168,3,2273,D1Rat158,1,1,69.95,P,2.7
39832,3,3605,D1Rat322,1,1,69.95,P,2.7
35196,3,1286,D1Rat50,1,1,69.95,P,2.7
38564,3,2971,D1Rat140,1,1,69.95,P,2.7
42275,3,4809,D1Rat468,1,1,69.95,P,1.6
36075,3,1726,D1Rat49,1,1,70.99,P,1.1
38112,3,2745,D1Rat171,1,1,72.14,P,2.8
36105,3,1741,D1Rat51,1,1,72.14,P,2.8
35591,3,1484,D1Rat47,1,1,72.14,P,2.8
37442,3,2410,D1Rat227,1,1,74.1599,P,1
42073,3,4718,D1Arb27,1,1,74.44,P,.9
42088,3,4723,D1Arb45,1,1,75.48,F,0
37962,3,2670,D1Rat201,1,1,75.5199,P,3.1
38012,3,2695,D1Rat132,1,1,75.5199,P,3.1
36596,3,1986,D1Rat53,1,1,76.55,P,.9
35311,3,1344,D1Rat54,1,1,76.55,P,.9
37326,3,2352,D1Rat163,1,1,76.55,P,.9
42276,3,4810,D1Rat424,1,1,76.55,P,.9
38878,3,3128,D1Rat139,1,1,77.7,P,2.4
42277,3,4811,D1Rat430,1,1,79.73,P,1.2
38186,3,2782,D1Rat204,1,1,80.0199,P,1.1
36566,3,1971,D1Rat55,1,1,80.0199,P,1.1
37834,3,2606,D1Rat164,1,1,80.0199,P,1.1
37434,3,2406,D1Rat205,1,1,81.06,P,3.1
41836,3,4607,D1Rat469,1,1,81.06,P,3.1
38812,3,3095,D1Rat243,1,1,81.06,P,3.1
37228,3,2303,D1Rat237,1,1,81.06,P,3.1
36480,3,1928,D1Rat59,1,1,81.06,P,3.1
37244,3,2311,D1Rat221,1,1,81.06,P,3.1
35413,3,1395,D1Rat60,1,1,81.06,P,3.1
37134,3,2256,D1Rat357,1,1,81.06,P,3.1
36454,3,1915,D1Rat56,1,1,81.08,F,0
38406,3,2892,D1Rat174,1,1,82.16,P,1
39350,3,3364,D1Rat135,1,1,82.16,P,1
38340,3,2859,D1Rat149,1,1,82.16,P,1.1
37740,3,2559,D1Rat233,1,1,82.16,P,1
36606,3,1991,D1Rat58,1,1,83.26,F,0
37358,3,2368,D1Rat226,1,1,83.3,P,2.7
35150,3,1263,D1Rat57,1,1,83.3,P,2.7
35937,3,1657,D1Rat62,1,1,83.3,P,2.7
42075,3,4719,D1Arb29,1,1,84.4,P,1.3
11359,3,465,D1Arb21,1,1,85.51,P,1.1
36592,3,1984,D1Rat64,1,1,86.55,P,3.1
39006,3,3192,D1Rat193,1,1,86.55,P,3.1
10951,3,311,D1Mit13,1,1,86.55,P,3.1
39314,3,3346,D1Rat216,1,1,86.55,P,3.1
36942,3,2160,D1Rat109,1,1,86.55,P,3.1
36719,3,2048,D1Rat108,1,1,86.55,P,3.1
35174,3,1275,D1Rat66,1,1,86.59,F,0
37560,3,2469,D1Rat155,1,1,86.55,P,3.1
10953,3,313,D1Arb18,1,1,86.63,P,3.1
37430,3,2404,D1Rat202,1,1,86.63,P,3.1
37748,3,2563,D1Rat120,1,1,87.68,P,1.1
42066,3,4716,D1Arb20,1,1,87.68,P,1.1
35535,3,1456,D1Rat110,1,1,88.84,P,2.8
42278,3,4812,D1Rat470,1,1,89.99,P,1.1
42069,3,4717,D1Arb22,1,1,91.06,P,3.1
37732,3,2555,D1Rat208,1,1,91.06,P,3.1
38650,3,3014,D1Rat165,1,1,91.06,P,3.1
35851,3,1614,D1Rat68,1,1,91.06,P,3.1
38086,3,2732,D1Rat144,1,1,91.06,P,3.1
38570,3,2974,D1Rat240,1,1,91.08,F,0
34021,3,762,D1Mit28,1,1,91.12,P,1.9
37294,3,2336,D1Rat133,1,1,91.12,P,1.9
38940,3,3159,D1Rat159,1,1,93.28,F,0
38954,3,3166,D1Rat181,1,1,95.45,P,3.1
38638,3,3008,D1Rat152,1,1,95.45,P,2.1
33878,3,690,D1Mit27,1,1,95.45,P,3.1
38222,3,2800,D1Rat218,1,1,95.49,F,0
11435,3,498,D1Arb23,1,1,95.53,P,1.7
40534,3,3956,D1Rat291,1,1,95.53,P,3.1
36239,3,1808,D1Rat111,1,1,95.53,P,3.1
38210,3,2794,D1Rat197,1,1,96.59,P,1.2
42279,3,4813,D1Rat471,1,1,96.59,P,1.2
37184,3,2281,D1Rat188,1,1,96.59,P,1.2
35615,3,1496,D1Rat70,1,1,96.59,P,1.2
36580,3,1978,D1Rat112,1,1,96.59,P,1.2
39982,3,3680,D1Rat323,1,1,97.69,F,0
41666,3,4522,D1Rat383,1,1,98.79,P,1.2
11201,3,406,D1Mgh11,1,1,98.97,P,.2
42280,3,4814,D1Rat472,1,1,99.94,P,.9
42281,3,4815,D1Rat473,1,1,99.95,P,.9
42094,3,4726,D1Arb48,1,1,99.95,P,.9
34874,3,1123,D1Rat114,1,1,99.95,P,.9
34787,3,1079,D1Rat113,1,1,99.95,P,.9
11179,3,401,D1Arb39,1,1,99.95,P,.9
36021,3,1699,D1Rat115,1,1,101.02,F,0
36757,3,2067,D1Rat71,1,1,102.12,P,1.1
35525,3,1451,D1Rat116,1,1,102.12,P,1.1
35551,3,1464,D1Rat117,1,1,102.12,P,1.1
36866,3,2122,D1Rat73,1,1,106.86,P,.9
37754,3,2566,D1Rat123,1,1,106.87,P,.9
33945,3,724,D1Mit18,1,1,106.87,P,.9
37162,3,2270,D1Rat72,1,1,107.91,F,0
35909,3,1643,D1Rat74,1,1,108.99,P,.9
36960,3,2169,D1Rat76,1,1,111.18,P,3.1
37902,3,2640,D1Rat169,1,1,111.18,P,3.1
41882,3,4630,D1Rat474,1,1,111.18,P,3.1
36219,3,1798,D1Rat384,1,1,111.21,F,0
39560,3,3469,D1Rat324,1,1,111.25,P,3.1
34009,3,756,D1Mit34,1,1,111.25,P,3.1
35945,3,1661,D1Rat75,1,1,116.87,F,0
42282,3,4816,D1Rat475,1,1,120.1799,F,0
38024,3,2701,D1Rat235,1,1,123.61,P,2.6
36083,3,1730,D1Rat119,1,1,125.8199,P,3.1
36570,3,1973,D1Rat118,1,1,125.8199,P,3.1
39264,3,3321,D1Rat194,1,1,125.8199,P,3.1
40530,3,3954,D1Rat305,1,1,125.84,F,0
39116,3,3247,D1Rat145,1,1,128.0699,P,1
42092,3,4725,D1Arb47,1,1,129.1099,P,2.4
41738,3,4558,D1Rat385,1,1,129.1099,P,2.3
42283,3,4817,D1Rat476,1,1,129.1099,P,2.4
34971,3,1172,D1Rat81,1,1,129.1499,F,0
42090,3,4724,D1Arb46,1,1,129.1899,P,3.1
33569,3,535,D1Mit31,1,1,129.1899,P,1.3
34935,3,1154,D1Rat83,1,1,129.1899,P,2.4
37398,3,2388,D1Rat175,1,1,130.2499,P,1.1
36703,3,2040,D1Rat86,1,1,131.4099,P,.8
33694,3,598,D1Mit8,1,1,131.4099,P,.8
35655,3,1516,D1Rat84,1,1,131.4099,P,.8
33844,3,673,D1Mit14,1,1,132.1799,P,.3
37858,3,2618,D1Rat156,1,1,131.4099,P,.3
34194,3,848,D1Mgh14,1,1,132.2199,P,.3
40578,3,3978,D1Rat386,1,1,132.5799,P,.2
38544,3,2961,D1Rat122,1,1,132.5799,P,.2
37956,3,2667,D1Rat195,1,1,132.5799,P,.2
37896,3,2637,D1Rat126,1,1,132.5799,P,.2
37356,3,2367,D1Rat225,1,1,133.71,F,0
42284,3,4818,D2Rat368,1,2,0,P,0
36912,3,2145,D2Rat1,1,2,.0899,P,0
39946,3,3662,D2Rat251,1,2,1.5699,P,3.1
38142,3,2760,D2Rat100,1,2,1.6099,F,0
35901,3,1639,D2Rat3,1,2,1.6499,P,.1
42285,3,4819,D2Rat369,1,2,2.9898,P,3.1
38576,3,2977,D2Rat182,1,2,11.3699,F,0
39834,3,3606,D2Rat252,1,2,11.4598,P,3.1
39558,3,3468,D2Rat253,1,2,12.2699,P,.8
38976,3,3177,D2Rat124,1,2,12.9999,P,1.1
36145,3,1761,D2Rat73,1,2,14.1699,F,0
38254,3,2816,D2Rat101,1,2,18.6199,P,3.1
39280,3,3329,D2Rat154,1,2,18.6199,P,3.1
39298,3,3338,D2Rat176,1,2,18.6199,P,3.1
37880,3,2629,D2Rat94,1,2,18.6499,F,0
39112,3,3245,D2Rat128,1,2,19.7299,P,.9
38414,3,2896,D2Rat90,1,2,19.7699,P,1
36896,3,2137,D2Rat9,1,2,21.9299,P,3.1
37520,3,2449,D2Rat116,1,2,21.9699,F,0
36532,3,1954,D2Rat11,1,2,23.0699,P,1.2
36428,3,1902,D2Rat10,1,2,23.0699,P,1.2
34425,3,963,D2Mgh1,1,2,23.0699,P,1.2
37266,3,2322,D2Rat105,1,2,23.0699,P,1.2
38770,3,3074,D2Rat184,1,2,24.1299,P,2.4
35941,3,1659,D2Rat12,1,2,24.1699,F,0
34397,3,949,D2Mgh2,1,2,24.2099,P,1.5
38476,3,2927,D2Rat142,1,2,25.2699,P,.9
36470,3,1923,D2Rat16,1,2,25.2699,P,.9
42286,3,4820,D2Rat370,1,2,26.2999,P,1.9
36659,3,2018,D2Rat17,1,2,26.2999,P,3.1
39668,3,3523,D2Rat254,1,2,26.2999,P,3.1
36071,3,1724,D2Rat15,1,2,26.3399,F,0
40446,3,3912,D2Rat298,1,2,26.3799,P,3.1
38950,3,3164,D2Rat173,1,2,26.3799,P,3.1
34489,3,995,D2Mgh4,1,2,30.8999,P,3.1
42117,3,4733,D2Arb42,1,2,33.1299,P,1
36017,3,1697,D2Rat74,1,2,33.1399,P,1
42287,3,4821,D2Rat371,1,2,33.3299,P,.9
40470,3,3924,D2Rat299,1,2,33.3299,P,.9
35643,3,1510,D2Rat21,1,2,34.3399,F,0
36693,3,2035,D2Rat75,1,2,36.4899,F,0
38726,3,3052,D2Rat163,1,2,42.0799,P,3.1
37816,3,2597,D2Rat145,1,2,42.0899,F,0
36093,3,1735,D2Rat26,1,2,43.1499,P,.8
38592,3,2985,D2Rat113,1,2,43.1499,P,.8
42288,3,4822,D2Rat330,1,2,43.3899,P,.9
35148,3,1262,D2Rat27,1,2,44.3099,P,2.2
36604,3,1990,D2Rat76,1,2,44.3199,P,2.2
40612,3,3995,D2Rat278,1,2,48.8399,P,1.1
36478,3,1927,D2Rat31,1,2,50.0299,F,0
37952,3,2665,D2Rat123,1,2,50.0599,P,3.1
38488,3,2933,D2Rat160,1,2,50.0599,P,3.1
39274,3,3326,D2Rat140,1,2,50.0599,P,3.1
37332,3,2355,D2Rat104,1,2,50.0599,P,3.1
37990,3,2684,D2Rat177,1,2,50.0599,P,3.1
35995,3,1686,D2Rat28,1,2,50.0599,P,3.1
34807,3,1089,D2Rat29,1,2,50.0599,P,3.1
38288,3,2833,D2Rat178,1,2,50.0599,P,3.1
34882,3,1127,D2Rat77,1,2,52.2399,P,2.3
36201,3,1789,D2Rat33,1,2,53.3899,P,1.1
38962,3,3170,D2Rat96,1,2,54.4399,P,3.1
38362,3,2870,D2Rat161,1,2,54.4399,P,3.1
39816,3,3597,D2Rat300,1,2,54.4399,P,3.1
36578,3,1977,D2Rat78,1,2,54.4599,F,0
38386,3,2882,D2Rat158,1,2,55.5499,P,1.1
39090,3,3234,D2Rat180,1,2,55.5499,P,1.1
38266,3,2822,D2Rat136,1,2,55.5499,P,1.1
37682,3,2530,D2Rat102,1,2,56.6899,P,1.1
35222,3,1299,D2Rat302,1,2,56.6899,P,1.1
37146,3,2262,D2Rat79,1,2,56.6899,P,1.1
41838,3,4608,D2Rat372,1,2,56.6899,P,1.1
41670,3,4524,D2Rat301,1,2,56.6899,P,1.1
35066,3,1221,D2Rat80,1,2,56.6899,P,1.1
39164,3,3271,D2Rat159,1,2,56.6899,P,1.1
38960,3,3169,D2Rat93,1,2,57.7399,P,2.4
39242,3,3310,D2Rat98,1,2,57.7399,P,3.1
39820,3,3599,D2Rat255,1,2,57.7699,F,0
40466,3,3922,D2Rat303,1,2,58.8599,P,1.1
37456,3,2417,D2Rat147,1,2,58.8599,P,1.1
37122,3,2250,D2Rat117,1,2,58.8699,P,1.1
36466,3,1921,D2Rat34,1,2,62.2499,F,0
37768,3,2573,D2Rat166,1,2,63.3399,P,1.1
39616,3,3497,D2Rat256,1,2,63.3399,P,1.1
37232,3,2305,D2Rat183,1,2,63.3399,P,1.1
42289,3,4823,D2Rat373,1,2,63.3399,P,1.1
35857,3,1617,D2Rat36,1,2,64.3999,P,2.9
40328,3,3853,D2Rat257,1,2,64.4299,F,0
36701,3,2039,D2Rat146,1,2,65.5299,P,1.2
37034,3,2206,D2Rat37,1,2,67.7299,P,2.9
35162,3,1269,D2Rat38,1,2,67.7299,P,2.9
41834,3,4606,D2Rat374,1,2,67.7299,P,2.9
38312,3,2845,D2Rat179,1,2,67.7599,F,0
34853,3,1112,D2Rat39,1,2,69.8999,P,3.1
38872,3,3125,D2Rat97,1,2,69.8999,P,1.8
42290,3,4824,D2Rat346,1,2,69.8999,P,3.1
36213,3,1795,D2Rat40,1,2,69.9399,F,0
42291,3,4825,D2Rat383,1,2,72.0299,P,1.3
37186,3,2282,D2Rat133,1,2,73.2599,F,0
40500,3,3939,D2Rat375,1,2,73.2999,P,3.1
34849,3,1110,D2Rat81,1,2,73.2999,P,2.1
10585,3,195,D2Arb12,1,2,75.4199,P,1.3
35368,3,1372,D2Rat46,1,2,75.4999,P,1.2
10582,3,192,D2Mit12,1,2,75.4999,P,1.2
42106,3,4730,D2Arb11,1,2,75.4999,P,1.2
42292,3,4826,D2Rat352,1,2,75.6799,P,0
36091,3,1734,D2Rat44,1,2,76.5599,P,3
34292,3,897,D2Mgh8,1,2,76.5599,P,3
38088,3,2733,D2Rat131,1,2,76.5599,P,3
38068,3,2723,D2Rat155,1,2,76.5599,P,3
36163,3,1770,D2Rat42,1,2,76.5599,P,3
34693,3,1048,D2Mgh28,1,2,76.5599,P,3
36446,3,1911,D2Rat45,1,2,76.5599,P,3
11112,3,372,D2Arb15,1,2,76.5599,P,3
38980,3,3179,D2Rat130,1,2,76.5899,F,0
11107,3,367,D2Mit20,1,2,76.6299,P,1.7
38718,3,3048,D2Rat150,1,2,78.7699,F,0
38264,3,2821,D2Rat134,1,2,78.8099,P,3.1
37928,3,2653,D2Rat99,1,2,82.8099,F,0
38668,3,3023,D2Rat186,1,2,85.4599,F,0
10312,3,80,D2Arb17,1,2,88.7399,P,3.1
42293,3,4827,D2Rat376,1,2,88.7399,P,3.1
36041,3,1709,D2Rat48,1,2,88.7699,F,0
39040,3,3209,D2Rat169,1,2,88.8099,P,3.1
39660,3,3519,D2Rat259,1,2,88.8099,P,3.1
36031,3,1704,D2Rat54,1,2,89.8599,P,1.1
34461,3,981,D2Mgh12,1,2,90.9999,P,1.1
40344,3,3861,D2Rat261,1,2,90.9999,P,1.1
39580,3,3479,D2Rat260,1,2,90.9999,P,1.1
40254,3,3816,D2Rat262,1,2,90.9999,P,1.1
40528,3,3953,D2Rat240,1,2,92.0499,P,3.1
40596,3,3987,D2Rat289,1,2,92.0499,P,3.1
38466,3,2922,D2Rat118,1,2,92.0499,P,3.1
35599,3,1488,D2Rat82,1,2,92.0799,F,0
42294,3,4828,D2Rat384,1,2,95.9199,P,3.1
35887,3,1632,D2Rat56,1,2,95.9399,F,0
38942,3,3160,D2Rat156,1,2,101.7199,P,3.1
35915,3,1646,D2Rat61,1,2,101.7399,F,0
38054,3,2716,D2Rat138,1,2,106.2698,P,2.2
36962,3,2170,D2Rat63,1,2,106.9199,P,1.6
37424,3,2401,D2Rat111,1,2,110.6899,F,0
35064,3,1220,D2Rat64,1,2,110.7298,P,.1
34765,3,1068,D2Rat84,1,2,110.7298,P,0
39118,3,3248,D2Rat139,1,2,110.7298,P,.1
36081,3,1729,D2Rat294,1,2,110.7499,P,.1
39240,3,3309,D2Rat92,1,2,110.7499,P,.1
36502,3,1939,D2Rat86,1,2,110.7499,P,.1
34785,3,1078,D2Rat65,1,2,110.7499,P,0
40540,3,3959,D2Rat249,1,2,110.7499,P,.1
33587,3,544,D2Mit16,1,2,111.9099,P,.3
34505,3,1003,D2Mgh16,1,2,112.8599,P,.7
34864,3,1118,D2Rat67,1,2,112.8599,P,.7
38554,3,2966,D2Rat112,1,2,112.8599,P,.7
36574,3,1975,D2Rat68,1,2,112.8599,P,.7
35755,3,1566,D2Rat66,1,2,112.8599,P,.7
38418,3,2898,D2Rat106,1,2,112.8599,P,.7
39268,3,3323,D2Rat129,1,2,112.8599,P,.7
35340,3,1358,D2Rat70,1,2,113.0199,P,.7
36705,3,2041,D2Rat151,1,2,112.8599,P,.7
36159,3,1768,D2Rat83,1,2,112.9099,P,.8
37796,3,2587,D2Rat103,1,2,112.9599,P,.8
35100,3,1238,D2Rat85,1,2,113.0199,P,.8
39892,3,3635,D2Rat263,1,2,113.9899,P,1.4
37698,3,2538,D3Rat87,1,3,0,P,2
39220,3,3299,D3Rat208,1,3,2.32,P,1.4
35981,3,1679,D3Rat56,1,3,2.53,P,1.5
34186,3,844,D3Mgh9,1,3,2.53,P,1.5
42295,3,4829,D3Rat285,1,3,3.69,P,1
39072,3,3225,D3Rat124,1,3,4.78,P,.6
36657,3,2017,D3Rat58,1,3,6.9,P,3.1
35609,3,1493,D3Rat53,1,3,6.94,F,0
36167,3,1772,D3Rat50,1,3,11.33,P,.9
39214,3,3296,D3Rat131,1,3,12.4299,P,1.3
35745,3,1561,D3Rat48,1,3,23.6599,P,.6
38346,3,2862,D3Rat98,1,3,23.97,F,0
38652,3,3015,D3Rat118,1,3,27.9,P,2.9
38882,3,3130,D3Rat89,1,3,27.93,F,0
34336,3,919,D3Mgh7,1,3,27.9799,P,2.9
38552,3,2965,D3Rat80,1,3,27.9799,P,2.9
37510,3,2444,D3Rat100,1,3,27.9799,P,2.9
10678,3,225,D3Mgh21,1,3,29.3899,P,.9
38904,3,3141,D3Rat122,1,3,29.41,P,.9
36472,3,1924,D3Rat44,1,3,30.5499,F,0
37282,3,2330,D3Rat103,1,3,31.65,P,1.2
39050,3,3214,D3Rat130,1,3,32.74,F,0
36789,3,2083,D3Rat67,1,3,32.78,P,3.1
36799,3,2088,D3Rat40,1,3,34.98,P,1.1
38204,3,2791,D3Rat88,1,3,34.98,P,1.1
11264,3,430,D3Arb7,1,3,34.98,P,1.1
11260,3,426,D3Mit8,1,3,36.02,P,3.1
41864,3,4621,D3Rat240,1,3,36.02,P,3.1
37032,3,2205,D3Rat66,1,3,36.06,F,0
42296,3,4830,D3Rat286,1,3,38.71,P,.8
36456,3,1916,D3Rat41,1,3,39.47,P,1.1
37756,3,2567,D3Rat75,1,3,39.47,P,1.1
40484,3,3931,D3Rat239,1,3,39.47,P,1.1
34146,3,824,D3Mgh6,1,3,39.47,P,1.1
37656,3,2517,D3Rat121,1,3,39.47,P,1.1
38686,3,3032,D3Rat84,1,3,40.53,P,3.1
37538,3,2458,D3Rat119,1,3,40.5599,F,0
39286,3,3332,D3Rat108,1,3,42.71,P,2.9
35300,3,1338,D3Rat65,1,3,42.7499,F,0
42139,3,4742,D3Arb8,1,3,42.79,P,2.9
40102,3,3740,D3Rat207,1,3,43.8499,P,1.3
38870,3,3124,D3Rat74,1,3,43.8499,P,1.3
39584,3,3481,D3Rat206,1,3,44.9199,P,2.3
35317,3,1347,D3Rat35,1,3,44.9499,F,0
40610,3,3994,D3Rat226,1,3,47.0699,P,3.1
42128,3,4737,D3Arb19,1,3,47.0699,P,3.1
35443,3,1410,D3Rat30,1,3,47.0699,P,3.1
38174,3,2776,D3Rat93,1,3,47.11,F,0
42126,3,4736,D3Arb18,1,3,47.15,P,3.1
38014,3,2696,D3Rat125,1,3,48.3899,P,1.1
39742,3,3560,D3Rat205,1,3,53.96,P,3.1
10293,3,75,D3Mit7,1,3,53.96,P,3.1
37640,3,2509,D3Rat92,1,3,53.96,P,3.1
10294,3,76,D3Arb10,1,3,53.96,P,3.1
38328,3,2853,D3Rat81,1,3,53.96,F,0
42297,3,4831,D3Rat290,1,3,55.57,P,.8
42298,3,4832,D3Rat287,1,3,56.16,P,1.1
36458,3,1917,D3Rat25,1,3,56.16,P,1.1
37156,3,2267,D3Rat70,1,3,57.25,F,0
38868,3,3123,D3Rat73,1,3,57.2899,P,3.1
42299,3,4833,D3Rat284,1,3,57.2899,P,3.1
39556,3,3467,D3Rat204,1,3,58.3499,P,1.1
40184,3,3781,D3Rat203,1,3,59.49,P,1
38550,3,2964,D3Rat79,1,3,60.54,P,0
35270,3,1323,D3Rat111,1,3,60.54,P,3.1
39334,3,3356,D3Rat133,1,3,60.54,P,3.1
37050,3,2214,D3Rat22,1,3,60.54,P,3.1
39770,3,3574,D3Rat202,1,3,60.54,P,3.1
34507,3,1004,D3Mgh11,1,3,60.54,P,2
40428,3,3903,D3Rat238,1,3,60.57,F,0
40324,3,3851,D3Rat201,1,3,60.6099,P,3.1
37540,3,2459,D3Rat86,1,3,60.6099,P,3.1
42300,3,4834,D3Rat283,1,3,60.6099,P,3.1
41920,3,4649,D3Rat64,1,3,60.6099,P,3.1
34242,3,872,D3Mgh13,1,3,61.75,P,1
33622,3,562,D3Mit17,1,3,65.31,F,0
42301,3,4835,D3Rat289,1,3,68.4,P,.4
38318,3,2848,D3Rat71,1,3,72.47,F,0
36717,3,2047,D3Rat17,1,3,73.54,P,.9
39486,3,3432,D3Rat200,1,3,73.54,P,.9
37612,3,2495,D3Rat126,1,3,73.54,P,.9
40556,3,3967,D3Rat157,1,3,76.92,P,3.1
35743,3,1560,D3Rat15,1,3,76.9499,F,0
36797,3,2087,D3Rat11,1,3,79.1899,P,1.2
35689,3,1533,D3Rat8,1,3,80.25,P,3.1
38946,3,3162,D3Rat129,1,3,80.25,P,3.1
38100,3,2739,D3Rat106,1,3,80.25,P,3.1
35621,3,1499,D3Rat9,1,3,80.2799,F,0
35779,3,1578,D3Rat10,1,3,81.3799,P,1.2
33927,3,715,D3Mit3,1,3,81.3799,P,1.2
37836,3,2607,D3Rat85,1,3,81.3799,P,1.2
42302,3,4836,D3Rat245,1,3,82.4399,P,3.1
35218,3,1297,D3Rat63,1,3,82.4799,F,0
35801,3,1589,D3Rat62,1,3,84.6799,F,0
36380,3,1878,D3Mgh29,1,3,84.7199,P,3.1
36882,3,2130,D3Rat7,1,3,84.7199,P,3.1
41872,3,4625,D3Rat237,1,3,85.78,P,1.2
36584,3,1980,D3Rat6,1,3,86.36,P,1.4
35378,3,1377,D3Rat61,1,3,86.9299,P,1.2
37980,3,2679,D3Rat114,1,3,88.0299,F,0
35194,3,1285,D3Rat4,1,3,90.16,P,3.1
39282,3,3330,D3Rat107,1,3,90.2,F,0
37372,3,2375,D3Rat236,1,3,92.4599,P,2.4
37912,3,2645,D3Rat199,1,3,98.2899,F,0
41760,3,4569,D3Rat235,1,3,99.36,P,.9
38384,3,2881,D3Rat115,1,3,99.9299,P,1.1
39564,3,3471,D3Rat198,1,3,101.5999,F,0
34773,3,1072,D3Rat3,1,3,102.69,P,.7
34240,3,871,D3Mgh1,1,3,103.83,P,.2
11061,3,352,D3Mgh26,1,3,103.83,P,.2
36745,3,2061,D3Rat1,1,3,104.89,P,3.1
40538,3,3958,D3Rat135,1,3,104.89,P,3.1
40132,3,3755,D3Rat196,1,3,104.9299,F,0
40300,3,3839,D3Rat197,1,3,104.97,P,.1
36759,3,2068,D3Rat59,1,3,106.1699,P,0
36504,3,1940,D4Rat2,1,4,0,P,1.5
10801,3,262,D4Arb14,1,4,.0501,P,1
36305,3,1841,D4Rat4,1,4,1.1801,P,1
40502,3,3940,D4Rat147,1,4,1.25,P,1
37618,3,2498,D4Rat139,1,4,1.3201,P,1
42303,3,4837,D4Rat280,1,4,1.3201,P,1
36632,3,2004,D4Rat244,1,4,1.3201,P,1
36476,3,1926,D4Rat3,1,4,1.3201,P,1
38118,3,2748,D4Rat133,1,4,1.3201,P,1
35895,3,1636,D4Rat1,1,4,1.3201,P,1
42144,3,4744,D4Arb13,1,4,1.3201,P,1
39732,3,3555,D4Rat209,1,4,2.11,P,.3
36121,3,1749,D4Rat208,1,4,2.42,P,.3
42304,3,4838,D4Rat281,1,4,4.06,P,.1
36600,3,1988,D4Rat7,1,4,4.1,F,0
40608,3,3993,D4Rat221,1,4,5.74,P,.1
36127,3,1752,D4Rat9,1,4,13.41,P,.7
38908,3,3143,D4Rat126,1,4,14.3099,F,0
40162,3,3770,D4Rat210,1,4,19.7899,P,1.1
42156,3,4749,D4Arb25,1,4,21.06,F,0
37948,3,2663,D4Rat100,1,4,21.0699,P,2.9
39194,3,3286,D4Rat115,1,4,23.1799,P,2.6
37752,3,2565,D4Rat89,1,4,23.1799,P,2.6
35160,3,1268,D4Rat11,1,4,23.1799,P,2.6
39688,3,3533,D4Rat211,1,4,23.1799,P,2.6
41888,3,4633,D4Rat282,1,4,23.1799,P,2.6
40360,3,3869,D4Rat212,1,4,23.1799,P,2.6
35847,3,1612,D4Rat12,1,4,23.22,F,0
35625,3,1501,D4Rat14,1,4,27.69,F,0
38300,3,2839,D4Rat160,1,4,35.7499,P,2.3
34379,3,940,D4Mgh3,1,4,40.2899,P,1.4
36540,3,1958,D4Rat24,1,4,38.1099,F,0
38116,3,2747,D4Rat132,1,4,38.23,P,3.1
35082,3,1229,D4Rat73,1,4,38.23,P,3.1
42142,3,4743,D4Arb11,1,4,39.16,P,.8
10145,3,34,D4Arb10,1,4,40.2899,P,1.1
36753,3,2065,D4Rat20,1,4,40.2899,P,1.1
40620,3,3999,D4Rat226,1,4,40.2899,P,1.1
42176,3,4759,D4Arb37,1,4,40.2899,P,1.1
42305,3,4839,D4Rat283,1,4,41.39,F,0
35124,3,1250,D4Rat32,1,4,43.77,P,0
42178,3,4760,D4Arb38,1,4,44.65,P,2.7
11177,3,400,D4Arb9,1,4,44.65,P,2.7
42174,3,4758,D4Arb36,1,4,44.65,P,0
39266,3,3322,D4Rat102,1,4,44.6799,F,0
38310,3,2844,D4Rat135,1,4,44.7199,P,2.7
36181,3,1779,D4Rat26,1,4,44.7199,P,2.7
36741,3,2059,D4Rat31,1,4,45.77,P,1.1
34845,3,1108,D4Rat19,1,4,45.77,P,1.1
36769,3,2073,D4Rat228,1,4,45.77,P,1.1
34943,3,1158,D4Rat30,1,4,45.77,P,1.1
42168,3,4755,D4Arb30,1,4,45.77,P,1.1
39790,3,3584,D4Rat213,1,4,45.77,P,1.1
42172,3,4757,D4Arb35,1,4,46.34,P,1.2
36938,3,2158,D4Rat29,1,4,46.9099,P,1
11011,3,333,D4Mgh4,1,4,46.9099,P,1
37906,3,2642,D4Rat127,1,4,46.9099,P,1
40006,3,3692,D4Rat214,1,4,46.9099,P,1
34791,3,1081,D4Rat75,1,4,46.9099,P,1
11013,3,335,D4Arb7,1,4,46.9099,P,1
35519,3,1448,D4Rat74,1,4,46.9099,P,1
36870,3,2124,D4Rat33,1,4,47.95,P,3.1
38656,3,3017,D4Rat128,1,4,47.99,F,0
39530,3,3454,D4Rat215,1,4,49.0699,P,1
39180,3,3279,D4Rat138,1,4,49.0699,P,1
35409,3,1393,D4Rat34,1,4,53.55,P,3.1
42306,3,4840,D4Rat266,1,4,53.55,P,3.1
35721,3,1549,D4Rat76,1,4,53.57,F,0
40586,3,3982,D4Rat231,1,4,54.64,P,.9
42307,3,4841,D4Rat284,1,4,54.64,P,.9
35286,3,1331,D4Rat37,1,4,57.99,P,1.2
37650,3,2514,D4Rat110,1,4,58.02,F,0
36462,3,1919,D4Rat36,1,4,59.08,F,0
36978,3,2178,D4Rat38,1,4,59.12,P,1.2
36544,3,1960,D4Rat77,1,4,59.12,P,1.2
35673,3,1525,D4Rat39,1,4,59.12,P,1.2
10560,3,183,D4Mit12,1,4,60.18,P,1.2
38344,3,2861,D4Rat106,1,4,63.56,F,0
38748,3,3063,D4Rat109,1,4,65.79,P,1.1
37868,3,2623,D4Rat124,1,4,65.79,P,1.1
36554,3,1965,D4Rat47,1,4,66.84,P,3.1
36029,3,1703,D4Rat51,1,4,66.84,P,3.1
36109,3,1743,D4Rat43,1,4,66.84,P,3.1
36725,3,2051,D4Rat78,1,4,66.84,P,3.1
39974,3,3676,D4Rat216,1,4,66.84,P,3.1
42308,3,4842,D4Rat290,1,4,66.84,P,3.1
36043,3,1710,D4Rat49,1,4,66.87,F,0
42152,3,4747,D4Arb22,1,4,71.32,F,0
39354,3,3366,D4Rat98,1,4,72.4,P,.9
10158,3,38,D4Arb16,1,4,75.85,P,.9
33933,3,718,D4Mit16,1,4,75.85,P,.9
38252,3,2815,D4Rat217,1,4,75.86,P,.9
38258,3,2818,D4Rat99,1,4,76.8899,P,3.1
38458,3,2918,D4Rat95,1,4,76.8899,P,3.1
35262,3,1319,D4Rat79,1,4,76.91,F,0
35070,3,1223,D4Rat57,1,4,76.9499,P,3.1
34106,3,804,D4Mgh6,1,4,78.46,P,.9
38998,3,3188,D4Rat92,1,4,77.9799,P,.9
38412,3,2895,D4Rat88,1,4,77.9799,P,.9
39162,3,3270,D4Rat116,1,4,77.9799,P,.9
36898,3,2138,D4Rat80,1,4,78.46,P,1.2
37850,3,2614,D4Rat104,1,4,81.32,P,3.1
36271,3,1824,D4Rat81,1,4,81.3399,F,0
42309,3,4843,D4Rat285,1,4,84.6099,P,3.1
36434,3,1905,D4Rat56,1,4,84.64,F,0
35315,3,1346,D4Rat82,1,4,84.68,P,3.1
37592,3,2485,D4Rat141,1,4,87.92,P,2.9
35276,3,1326,D4Rat83,1,4,87.92,P,2.9
36143,3,1760,D4Rat60,1,4,87.92,P,1.8
35777,3,1577,D4Rat61,1,4,87.95,F,0
42162,3,4752,D4Arb28,1,4,90.5,F,0
42180,3,4761,D4Arb40,1,4,94.4499,P,1
35879,3,1628,D4Rat67,1,4,94.63,P,.9
42154,3,4748,D4Arb23,1,4,95.6799,P,3.1
36926,3,2152,D4Rat66,1,4,95.7,F,0
37114,3,2246,D4Rat286,1,4,99.22,P,1.3
42160,3,4751,D4Arb27,1,4,101.24,P,3.1
35453,3,1415,D4Rat111,1,4,101.2599,F,0
42310,3,4844,D4Rat287,1,4,105.1499,F,0
41646,3,4512,D4Rat245,1,4,106.6799,P,1.1
36486,3,1931,D4Rat68,1,4,107.8399,P,1.5
40266,3,3822,D4Rat218,1,4,107.8399,P,1.5
34338,3,920,D4Mgh11,1,4,107.8999,P,1.2
42311,3,4845,D4Rat288,1,4,111.32,P,0
36514,3,1945,D4Rat69,1,4,111.33,F,0
35865,3,1621,D4Rat85,1,4,112.37,P,.2
34624,3,1033,D4Mgh29,1,4,112.37,P,.2
40536,3,3957,D4Rat206,1,4,112.37,P,.2
33874,3,688,D4Mit22,1,4,112.4,P,.2
40130,3,3754,D4Rat219,1,4,112.4,P,.3
38352,3,2865,D4Rat112,1,4,112.4,P,.3
34937,3,1155,D4Rat86,1,4,112.4,P,.2
37340,3,2359,D4Rat84,1,4,113.49,P,1
34158,3,830,D4Mgh21,1,4,113.9999,P,.7
41706,3,4542,D4Rat246,1,4,114.62,P,2.1
40562,3,3970,D5Rat187,1,5,0,P,.2
35753,3,1565,D5Rat208,1,5,.0201,P,.2
42312,3,4846,D5Rat248,1,5,1.09,F,0
34387,3,944,D5Mgh17,1,5,2.2099,P,.2
40414,3,3896,D5Rat207,1,5,2.4,P,.3
42313,3,4847,D5Rat249,1,5,5.79,P,2.7
39338,3,3358,D5Rat209,1,5,6.59,P,2.4
39992,3,3685,D5Rat210,1,5,9.1299,F,0
42190,3,4764,D5Arb18,1,5,14.6299,F,0
42314,3,4848,D5Rat250,1,5,18.7,P,2.4
35132,3,1254,D5Rat3,1,5,21.34,F,0
42315,3,4849,D5Rat251,1,5,21.38,P,3.1
36618,3,1997,D5Rat2,1,5,23.99,P,2.7
42316,3,4850,D5Rat253,1,5,27.03,P,1
42317,3,4851,D5Rat252,1,5,27.03,P,1
38548,3,2963,D5Rat82,1,5,27.03,P,1
34837,3,1104,D5Rat52,1,5,28.07,F,0
36279,3,1828,D5Rat4,1,5,28.07,P,2.9
42318,3,4852,D5Rat254,1,5,29.14,P,1
35076,3,1226,D5Rat6,1,5,30.19,P,2.6
37300,3,2339,D5Rat61,1,5,30.23,F,0
36946,3,2162,D5Rat7,1,5,30.27,P,2.6
38768,3,3073,D5Rat100,1,5,31.32,P,1.1
37684,3,2531,D5Rat76,1,5,31.32,P,1.1
36482,3,1929,D5Rat12,1,5,33.61,P,1.1
34216,3,859,D5Mgh6,1,5,34.65,P,3.1
39150,3,3264,D5Rat104,1,5,34.68,F,0
39738,3,3558,D5Rat182,1,5,36.89,P,1.2
34953,3,1163,D5Rat15,1,5,37.98,F,0
36634,3,2005,D5Rat17,1,5,42.4199,F,0
37140,3,2259,D5Rat212,1,5,44.54,P,2.9
38546,3,2962,D5Rat68,1,5,44.54,P,2.9
40384,3,3881,D5Rat183,1,5,44.58,F,0
38700,3,3039,D5Rat85,1,5,44.62,P,2.9
41776,3,4577,D5Rat211,1,5,44.62,P,2.9
35032,3,1203,D5Rat18,1,5,44.62,P,2.9
33985,3,744,D5Mit11,1,5,44.62,P,2.9
36558,3,1967,D5Rat19,1,5,44.62,P,2.9
35961,3,1669,D5Rat53,1,5,45.65,P,.9
37680,3,2529,D5Rat64,1,5,45.8799,P,1.1
42319,3,4853,D5Rat256,1,5,52.45,F,0
34041,3,772,D5Mit5,1,5,52.48,P,1.2
40548,3,3963,D5Rat155,1,5,54.56,P,2.8
39066,3,3222,D5Rat71,1,5,54.59,F,0
35306,3,1341,D5Rat26,1,5,58.41,P,3.1
37200,3,2289,D5Rat78,1,5,58.71,P,2.6
36667,3,2022,D5Rat54,1,5,60.77,P,.9
35545,3,1461,D5Rat28,1,5,62.15,F,0
37944,3,2661,D5Rat83,1,5,62.19,P,3.1
38828,3,3103,D5Rat90,1,5,69.91,P,.7
35352,3,1364,D5Rat33,1,5,70.87,F,0
37362,3,2370,D5Rat86,1,5,70.92,P,3.1
42187,3,4763,D5Arb13,1,5,70.92,P,3.1
37462,3,2420,D5Rat62,1,5,70.92,P,3.1
35641,3,1509,D5Rat55,1,5,70.92,P,3.1
36677,3,2027,D5Rat31,1,5,70.92,P,3.1
39640,3,3509,D5Rat184,1,5,70.92,P,3.1
35651,3,1514,D5Rat37,1,5,78.7699,F,0
39260,3,3319,D5Rat97,1,5,78.8,P,3.1
36115,3,1746,D5Rat39,1,5,82.06,F,0
37864,3,2621,D5Rat93,1,5,83.1599,P,.9
35825,3,1601,D5Rat41,1,5,84.23,F,0
38380,3,2879,D5Rat79,1,5,84.2699,P,3.1
38958,3,3168,D5Rat67,1,5,84.2699,P,3.1
36275,3,1826,D5Rat57,1,5,84.2699,P,3.1
37112,3,2245,D5Rat40,1,5,84.2699,P,3.1
38916,3,3147,D5Rat106,1,5,84.2699,P,3.1
37812,3,2595,D5Rat105,1,5,85.32,P,.9
36598,3,1987,D5Rat44,1,5,85.32,P,.9
42320,3,4854,D5Rat56,1,5,85.33,P,1
10517,3,164,D5Arb14,1,5,85.54,P,1.1
38738,3,3058,D5Rat112,1,5,91.9199,F,0
36207,3,1792,D5Rat47,1,5,91.9599,P,3.1
38026,3,2702,D5Rat109,1,5,96.3999,P,1.4
39250,3,3314,D5Rat74,1,5,97.2799,P,1.4
38574,3,2976,D5Rat111,1,5,100.76,F,0
36237,3,1807,D5Rat49,1,5,100.8199,P,3.1
36948,3,2163,D5Rat58,1,5,101.81,P,.2
39700,3,3539,D5Rat185,1,5,101.9,P,.3
35823,3,1600,D5Rat50,1,5,102.9199,P,.7
42321,3,4855,D6Rat212,1,6,0,P,2.2
37496,3,2437,D6Rat108,1,6,1.26,P,.2
33624,3,563,D6Mit12,1,6,1.69,P,.5
39124,3,3251,D6Rat62,1,6,4.9301,P,.3
42322,3,4856,D6Rat225,1,6,8.05,F,0
40604,3,3991,D6Rat173,1,6,10.96,P,.7
38098,3,2738,D6Rat65,1,6,12.71,P,.8
42323,3,4857,D6Rat224,1,6,12.71,P,.8
35411,3,1394,D6Rat56,1,6,13.73,P,3.1
39190,3,3284,D6Rat68,1,6,13.75,F,0
35647,3,1512,D6Rat55,1,6,13.79,P,3.1
37000,3,2189,D6Rat180,1,6,18.18,P,2.8
41702,3,4540,D6Rat179,1,6,18.28,P,1.3
37298,3,2338,D6Rat105,1,6,19.47,P,1
35579,3,1478,D6Rat54,1,6,20.5099,P,3.1
35134,3,1255,D6Rat41,1,6,20.5099,P,3.1
37562,3,2470,D6Rat77,1,6,20.5099,P,3.1
35683,3,1530,D6Rat39,1,6,20.5099,F,0
35507,3,1442,D6Rat43,1,6,21.5799,P,1
40482,3,3930,D6Rat177,1,6,22.6799,F,0
41726,3,4552,D6Rat178,1,6,22.72,P,2.6
40004,3,3691,D6Rat157,1,6,22.72,P,2.6
35979,3,1678,D6Rat53,1,6,25.9599,P,3.1
41820,3,4599,D6Rat222,1,6,25.9599,P,3.1
42324,3,4858,D6Rat223,1,6,25.9599,P,3.1
40412,3,3895,D6Rat176,1,6,25.9599,P,3.1
40220,3,3799,D6Rat156,1,6,25.9599,P,3.1
38562,3,2970,D6Rat89,1,6,25.9999,F,0
35390,3,1383,D6Rat36,1,6,29.28,P,3.1
42202,3,4769,D6Arb5,1,6,29.28,P,1.9
35396,3,1386,D6Rat35,1,6,29.3099,F,0
11488,3,522,D6Arb7,1,6,29.35,P,2
38422,3,2900,D6Rat84,1,6,30.3999,P,1.1
37046,3,2212,D6Rat52,1,6,30.3999,P,1.1
36787,3,2082,D6Rat37,1,6,30.9599,P,1.4
37222,3,2300,D6Rat82,1,6,32.6199,F,0
37392,3,2385,D6Rat93,1,6,33.6999,P,1
35447,3,1412,D6Rat51,1,6,33.6999,P,1
40206,3,3792,D6Rat155,1,6,38.19,F,0
11141,3,379,D6Arb12,1,6,43.7499,F,0
37972,3,2675,D6Rat64,1,6,45.9199,F,0
38080,3,2729,D6Rat95,1,6,45.9599,P,2.7
39232,3,3305,D6Rat99,1,6,50.3299,P,2.9
37704,3,2541,D6Rat58,1,6,50.3599,F,0
40044,3,3711,D6Rat154,1,6,52.4899,P,2.9
35036,3,1205,D6Rat24,1,6,52.5299,F,0
35583,3,1480,D6Rat50,1,6,52.5699,P,2.9
42325,3,4859,D6Rat221,1,6,53.62,P,1.1
36729,3,2053,D6Rat23,1,6,56.9299,P,3.1
42326,3,4860,D6Rat220,1,6,56.9599,F,0
35140,3,1258,D6Rat22,1,6,56.9999,P,3.1
39340,3,3359,D6Rat73,1,6,56.9999,P,3.1
34306,3,904,D6Mgh5,1,6,58.0399,P,1.1
38978,3,3178,D6Rat98,1,6,60.2299,P,2.7
42327,3,4861,D6Rat219,1,6,60.2299,P,2.7
35603,3,1490,D6Rat21,1,6,60.26,F,0
38392,3,2885,D6Rat85,1,6,60.3,P,1.6
36856,3,2117,D6Rat49,1,6,61.34,P,0
37876,3,2627,D6Rat59,1,6,61.35,P,1.1
39132,3,3255,D6Rat70,1,6,61.35,P,1.1
36813,3,2095,D6Rat20,1,6,61.35,P,1.1
35727,3,1552,D6Rat19,1,6,61.35,P,1.1
40222,3,3800,D6Rat153,1,6,62.3899,P,3.1
37280,3,2329,D6Rat104,1,6,62.43,F,0
42328,3,4862,D6Rat218,1,6,63.52,P,1.1
35659,3,1518,D6Rat18,1,6,64.67,P,2.8
40588,3,3983,D6Rat165,1,6,65.83,P,2.5
34841,3,1106,D6Rat91,1,6,68.02,P,2.7
35102,3,1239,D6Rat16,1,6,68.02,P,2.7
36665,3,2021,D6Rat14,1,6,68.02,P,2.5
37376,3,2377,D6Rat87,1,6,68.02,P,2.4
36834,3,2106,D6Rat175,1,6,68.02,P,2.7
38494,3,2936,D6Rat88,1,6,68.02,P,2.7
36518,3,1947,D6Rat13,1,6,68.02,P,2.7
38634,3,3006,D6Rat103,1,6,68.02,P,2.7
39146,3,3262,D6Rat97,1,6,68.02,P,2.7
37848,3,2613,D6Rat100,1,6,68.02,P,2.7
41816,3,4597,D6Rat217,1,6,68.02,P,2.7
39100,3,3239,D6Rat72,1,6,68.04,F,0
38246,3,2812,D6Rat71,1,6,69.11,P,.9
38390,3,2884,D6Rat81,1,6,69.11,P,.9
35549,3,1463,D6Rat174,1,6,69.11,P,.9
38130,3,2754,D6Rat66,1,6,69.11,P,.9
37730,3,2554,D6Rat57,1,6,69.11,P,.9
42329,3,4863,D6Rat216,1,6,69.11,P,.9
35725,3,1551,D6Rat48,1,6,72.48,F,0
35198,3,1287,D6Rat11,1,6,72.52,P,0
36990,3,2184,D6Rat12,1,6,73.61,P,.2
35080,3,1228,D6Rat8,1,6,81.67,P,3.1
42330,3,4864,D6Rat227,1,6,84.29,P,3.1
38282,3,2830,D6Rat79,1,6,90.54,P,3.1
38600,3,2989,D6Rat94,1,6,90.92,P,3.1
37076,3,2227,D6Rat1,1,6,95.64,P,3.1
40594,3,3986,D6Rat158,1,6,95.64,P,3.1
36057,3,1717,D6Rat4,1,6,99.32,P,3.1
42331,3,4865,D6Rat215,1,6,101.32,P,2.7
40332,3,3855,D6Rat152,1,6,102.91,P,2.5
37382,3,2380,D7Rat113,1,7,0,F,0
38788,3,3083,D7Rat72,1,7,1.1799,P,3.1
38322,3,2850,D7Rat63,1,7,2.2399,P,.5
40580,3,3979,D7Rat186,1,7,2.9199,P,.7
35237,3,1307,D7Rat35,1,7,2.9199,P,.8
36824,3,2101,D7Rat50,1,7,3.3099,P,1.1
37616,3,2497,D7Rat87,1,7,3.3099,P,1.1
36900,3,2139,D7Rat37,1,7,3.3099,P,1.1
35907,3,1642,D7Rat34,1,7,3.3099,P,1.1
38452,3,2915,D7Rat65,1,7,3.3099,P,1.1
39922,3,3650,D7Rat171,1,7,4.4699,F,0
37790,3,2584,D7Rat61,1,7,5.5599,P,1
36141,3,1759,D7Rat49,1,7,5.5599,P,1
36723,3,2050,D7Rat48,1,7,5.5599,P,1
40506,3,3942,D7Rat195,1,7,5.8499,P,1.2
42332,3,4866,D7Rat226,1,7,5.8499,P,1.2
42333,3,4867,D7Rat225,1,7,5.9499,P,1.1
38654,3,3016,D7Rat82,1,7,6.72,P,2.8
42334,3,4868,D7Rat224,1,7,6.72,P,2.8
42335,3,4869,D7Rat223,1,7,6.72,P,2.8
38778,3,3078,D7Rat227,1,7,6.72,P,2.8
40494,3,3936,D7Rat194,1,7,7.4699,P,1.2
35178,3,1277,D7Rat47,1,7,7.4699,P,1.2
34051,3,777,D7Mit28,1,7,7.4699,P,1.2
34880,3,1126,D7Rat31,1,7,7.4799,P,1.2
38376,3,2877,D7Rat109,1,7,7.8699,P,1.1
39746,3,3562,D7Rat170,1,7,7.8699,P,1.1
38630,3,3004,D7Rat104,1,7,7.8699,P,1.1
36715,3,2046,D7Rat30,1,7,8.92,P,3.1
40552,3,3965,D7Rat151,1,7,8.9499,F,0
36894,3,2136,D7Rat193,1,7,10.4,P,.2
36691,3,2034,D7Rat27,1,7,12.22,P,3.1
37270,3,2324,D7Rat76,1,7,12.25,F,0
36263,3,1820,D7Rat29,1,7,12.2899,P,3.1
38766,3,3072,D7Rat89,1,7,12.2899,P,3.1
42336,3,4870,D7Rat222,1,7,12.2899,P,3.1
40812,3,4095,D7Rat83,1,7,19.09,P,3.1
38972,3,3175,D7Rat84,1,7,19.09,F,0
41782,3,4580,D7Rat192,1,7,19.09,P,3.1
37004,3,2191,D7Rat181,1,7,21.26,F,0
42337,3,4871,D7Rat221,1,7,22.3799,P,1.1
37258,3,2318,D7Rat107,1,7,24.55,P,3.1
42215,3,4775,D7Arb16,1,7,24.55,P,3.1
40598,3,3988,D7Rat179,1,7,24.55,P,3.1
39016,3,3197,D7Rat103,1,7,24.58,F,0
39884,3,3631,D7Rat169,1,7,26.78,P,1.2
34789,3,1080,D7Rat46,1,7,26.81,P,1.1
39012,3,3195,D7Rat98,1,7,27.9,F,0
39902,3,3640,D7Rat168,1,7,27.94,P,3.1
39614,3,3496,D7Rat167,1,7,31.23,F,0
38794,3,3086,D7Rat73,1,7,32.32,P,1.2
38754,3,3066,D7Rat57,1,7,33.38,P,3.1
34999,3,1186,D7Rat44,1,7,33.38,P,3.1
35180,3,1278,D7Rat43,1,7,33.38,P,3.1
42338,3,4872,D7Rat219,1,7,33.38,P,3.1
36317,3,1847,D7Rat166,1,7,33.38,P,3.1
42339,3,4873,D7Rat220,1,7,33.38,P,3.1
40590,3,3984,D7Rat178,1,7,33.38,P,1.8
37838,3,2608,D7Rat75,1,7,33.38,P,3.1
39094,3,3236,D7Rat58,1,7,33.42,F,0
38198,3,2788,D7Rat69,1,7,33.46,P,3.1
35749,3,1563,D7Rat45,1,7,33.46,P,3.1
36099,3,1738,D7Rat25,1,7,33.46,P,3.1
42340,3,4874,D7Rat230,1,7,33.46,P,3.1
40442,3,3910,D7Rat191,1,7,34.3399,P,0
36731,3,2054,D7Rat24,1,7,34.52,P,1.2
39480,3,3429,D7Rat165,1,7,34.52,P,1.2
40164,3,3771,D7Rat164,1,7,34.52,P,1.2
42341,3,4875,D7Rat205,1,7,35.6599,P,1.1
37144,3,2261,D7Rat74,1,7,36.72,P,3.1
39830,3,3604,D7Rat163,1,7,36.72,P,3.1
33648,3,575,D7Mit5,1,7,36.72,P,3.1
34831,3,1101,D7Rat22,1,7,36.75,F,0
37808,3,2593,D7Rat86,1,7,40.04,P,3.1
40116,3,3747,D7Rat162,1,7,40.07,F,0
40068,3,3723,D7Rat161,1,7,41.16,P,1.1
35787,3,1582,D7Rat42,1,7,41.16,P,1.1
42342,3,4876,D7Rat231,1,7,43.4699,P,1.1
37710,3,2544,D7Rat190,1,7,43.4699,P,1.1
42213,3,4774,D7Arb15,1,7,44.5199,P,3.1
35855,3,1616,D7Rat41,1,7,44.5199,P,3.1
39702,3,3540,D7Rat160,1,7,44.5499,F,0
34555,3,1016,D7Mgh6,1,7,44.59,P,3.1
42209,3,4772,D7Arb13,1,7,46.7,P,1.8
42343,3,4877,D7Rat218,1,7,46.7,P,2.9
35264,3,1320,D7Rat18,1,7,46.7299,F,0
37814,3,2596,D7Rat100,1,7,47.8299,P,1.2
39058,3,3218,D7Rat53,1,7,47.8299,P,1.2
39468,3,3423,D7Rat159,1,7,47.8299,P,1.2
36661,3,2019,D7Rat15,1,7,48.9699,P,1.1
42344,3,4878,D7Rat232,1,7,50.0199,P,3.1
35845,3,1611,D7Rat16,1,7,50.06,F,0
38886,3,3132,D7Rat96,1,7,50.1,P,3.1
38208,3,2793,D7Rat91,1,7,52.29,P,1.2
38702,3,3040,D7Rat70,1,7,52.29,P,1.2
37802,3,2590,D7Rat78,1,7,53.35,P,3.1
10448,3,134,D7Mgh3,1,7,53.35,P,3.1
41664,3,4521,D7Rat189,1,7,53.35,P,3.1
42205,3,4770,D7Arb10,1,7,53.35,P,3.1
37064,3,2221,D7Rat10,1,7,53.35,P,3.1
42345,3,4879,D7Arb1e,1,7,53.35,P,3.1
36681,3,2029,D7Rat11,1,7,53.35,P,3.1
37360,3,2369,D7Rat68,1,7,53.38,F,0
40582,3,3980,D7Rat174,1,7,54.48,P,1.2
38364,3,2871,D7Rat71,1,7,54.48,P,1.2
38306,3,2842,D7Rat97,1,7,54.48,P,1.2
39062,3,3220,D7Rat56,1,7,54.48,P,1.2
37826,3,2602,D7Rat60,1,7,54.48,P,1.2
42346,3,4880,D7Rat233,1,7,55.57,F,0
35773,3,1575,D7Rat8,1,7,58.84,P,3.1
38474,3,2926,D7Rat111,1,7,58.87,F,0
38076,3,2727,D7Rat85,1,7,58.91,P,3.1
33729,3,615,D7Mit10,1,7,60.23,P,1
35304,3,1340,D7Rat4,1,7,66.88,F,0
38830,3,3104,D7Rat90,1,7,71.29,P,3.1
35034,3,1204,D7Rat2,1,7,71.29,P,3.1
36193,3,1785,D7Rat3,1,7,71.32,F,0
42219,3,4777,D7Arb6,1,7,73.51,P,.7
37172,3,2275,D7Rat95,1,7,73.51,P,.4
39048,3,3213,D7Rat94,1,7,74.71,P,1.5
37290,3,2334,D8Rat77,1,8,0,F,0
42347,3,4881,D8Rat228,1,8,1.11,P,.3
36097,3,1737,D8Rat56,1,8,2.56,P,.8
39028,3,3203,D8Rat70,1,8,3.55,P,1.8
36291,3,1834,D8Rat55,1,8,3.55,P,1.8
38876,3,3127,D8Rat170,1,8,4.9,P,3
42348,3,4882,D8Rat224,1,8,6.49,P,3.1
38804,3,3091,D8Rat110,1,8,7.86,P,1.9
37108,3,2243,D8Rat52,1,8,10.7699,F,0
42242,3,4788,D8Arb5,1,8,22.03,P,2
35867,3,1622,D8Rat48,1,8,24.0099,F,0
42349,3,4883,D8Rat220,1,8,28.0499,P,3.1
42236,3,4785,D8Arb24,1,8,24.3,P,3.1
42350,3,4884,D8Rat221,1,8,24.3,P,3.1
37602,3,2490,D8Rat82,1,8,26.99,P,1
37988,3,2683,D8Rat100,1,8,26.99,P,1
35899,3,1638,D8Rat47,1,8,28.0499,P,3.1
39238,3,3308,D8Rat112,1,8,28.0799,F,0
38358,3,2868,D8Rat83,1,8,28.12,P,3.1
42351,3,4885,D8Rat233,1,8,32.5,P,2.7
36117,3,1747,D8Rat46,1,8,32.5199,F,0
37580,3,2479,D8Rat99,1,8,32.56,P,2.7
42352,3,4886,D8Rat232,1,8,32.56,P,1.6
42353,3,4887,D8Rat235,1,8,32.56,P,1.6
41922,3,4650,D8Rat45,1,8,34.6499,P,1.7
42248,3,4791,D8Arb8,1,8,34.68,F,0
38790,3,3084,D8Rat89,1,8,34.72,P,2.9
35098,3,1237,D8Rat39,1,8,37.95,P,2.9
42246,3,4790,D8Arb7,1,8,39.2199,P,1
37038,3,2208,D8Rat40,1,8,39.2299,P,1
42354,3,4888,D8Rat217,1,8,39.2299,P,1
38072,3,2725,D8Rat85,1,8,39.2299,P,1
38356,3,2867,D8Rat80,1,8,40.27,P,3.1
35184,3,1280,D8Rat197,1,8,40.27,P,3.1
38920,3,3149,D8Rat63,1,8,40.27,P,3.1
36309,3,1843,D8Rat41,1,8,40.28,F,0
36739,3,2058,D8Rat42,1,8,43.5799,F,0
36872,3,2125,D8Rat43,1,8,43.6199,P,3.1
39108,3,3243,D8Rat94,1,8,45.8099,P,1.1
33880,3,691,D8Mit12,1,8,46.8499,P,3.1
38690,3,3034,D8Rat98,1,8,46.8499,P,3.1
36257,3,1817,D8Rat38,1,8,46.8499,P,3.1
35388,3,1382,D8Rat37,1,8,46.89,F,0
40054,3,3716,D8Rat196,1,8,46.93,P,3.1
36854,3,2116,D8Rat44,1,8,46.93,P,3.1
38742,3,3060,D8Rat111,1,8,47.98,P,1.1
42355,3,4889,D8Rat214,1,8,47.98,P,1.1
36161,3,1769,D8Rat36,1,8,48.36,P,1.1
42356,3,4890,D8Rat231,1,8,47.98,P,1.1
42223,3,4779,D8Arb12,1,8,47.98,P,1.1
39496,3,3437,D8Rat169,1,8,48.36,P,1.2
40544,3,3961,D8Rat155,1,8,48.36,P,1.2
36930,3,2154,D8Rat27,1,8,50.18,P,1.2
35987,3,1682,D8Rat30,1,8,51.31,P,2.7
38124,3,2751,D8Rat108,1,8,51.31,P,2.7
36217,3,1797,D8Rat29,1,8,51.31,P,2.7
40420,3,3899,D8Rat195,1,8,51.31,P,2.7
38454,3,2916,D8Rat79,1,8,51.31,P,2.7
38860,3,3119,D8Rat101,1,8,51.31,P,2.7
37036,3,2207,D8Rat33,1,8,51.31,P,2.7
34775,3,1073,D8Rat25,1,8,51.31,P,2.7
34763,3,1067,D8Rat62,1,8,51.31,P,2.7
38670,3,3024,D8Rat114,1,8,51.31,P,2.7
37310,3,2344,D8Rat93,1,8,51.3399,F,0
42227,3,4781,D8Arb15,1,8,51.3799,P,1.6
35248,3,1312,D8Rat26,1,8,53.4999,F,0
38586,3,2982,D8Rat194,1,8,53.5399,P,2.9
38330,3,2854,D8Rat87,1,8,53.5399,P,2.9
38018,3,2698,D8Rat96,1,8,54.5899,P,1.1
35877,3,1627,D8Rat61,1,8,59.0799,P,3.1
34310,3,906,D8Mgh4,1,8,59.0799,P,3.1
37324,3,2351,D8Rat75,1,8,59.0899,F,0
35905,3,1641,D8Rat21,1,8,59.1299,P,3.1
42225,3,4780,D8Arb13,1,8,59.1299,P,3.1
36904,3,2141,D8Rat19,1,8,63.6299,P,1.1
36488,3,1932,D8Rat17,1,8,64.6699,P,3.1
34870,3,1121,D8Rat18,1,8,64.69,F,0
42357,3,4891,D8Rat230,1,8,64.7899,P,0
35038,3,1206,D8Rat16,1,8,66.86,F,0
11222,3,413,D8Mgh3,1,8,69.0899,P,1.2
37818,3,2598,D8Rat66,1,8,69.0899,P,1.2
40518,3,3948,D8Rat168,1,8,69.0899,P,1.2
40456,3,3917,D8Rat193,1,8,70.15,P,1.7
36003,3,1690,D8Rat14,1,8,70.19,F,0
40308,3,3843,D8Rat167,1,8,72.37,F,0
35537,3,1457,D8Rat12,1,8,72.4099,P,3.1
35405,3,1391,D8Rat60,1,8,76.81,P,2.7
42240,3,4787,D8Arb28,1,8,76.84,F,0
42232,3,4783,D8Arb19,1,8,77.9299,P,0
37072,3,2225,D8Rat59,1,8,79.01,F,0
39134,3,3256,D8Rat76,1,8,79.0499,P,3.1
35429,3,1403,D8Rat7,1,8,84.59,F,0
36327,3,1852,D8Rat2,1,8,86.7699,P,.4
36840,3,2109,D9Rat42,1,9,0,P,3.1
36151,3,1764,D9Rat46,1,9,0,P,3.1
38802,3,3090,D9Rat102,1,9,0,P,3.1
36438,3,1907,D9Rat43,1,9,.04,F,0
35695,3,1536,D9Rat44,1,9,.08,P,.1
38604,3,2991,D9Rat101,1,9,.08,P,.1
35733,3,1555,D9Rat45,1,9,.08,P,.1
37776,3,2577,D9Rat88,1,9,1.12,P,.2
37634,3,2506,D9Rat79,1,9,6.3799,P,1.2
36510,3,1943,D9Rat40,1,9,6.94,P,.9
38764,3,3071,D9Rat81,1,9,7.94,F,0
35336,3,1356,D9Rat39,1,9,10.0999,P,1.2
38320,3,2849,D9Rat66,1,9,11.19,P,2.7
38684,3,3031,D9Rat78,1,9,11.19,P,2.7
39890,3,3634,D9Rat193,1,9,11.19,P,2.7
34963,3,1168,D9Rat34,1,9,11.19,P,2.7
35437,3,1407,D9Rat38,1,9,11.19,P,2.7
41928,3,4653,D9Rat33,1,9,11.22,F,0
35871,3,1624,D9Rat36,1,9,11.26,P,1.8
40022,3,3700,D9Rat152,1,9,12.38,P,1.1
36157,3,1767,D9Rat31,1,9,12.38,P,1.1
41814,3,4596,D9Rat192,1,9,13.96,F,0
35487,3,1432,D9Rat30,1,9,14,P,3.1
36984,3,2181,D9Rat29,1,9,18.97,P,3.1
40282,3,3830,D9Rat151,1,9,22.5,F,0
37846,3,2612,D9Rat94,1,9,22.55,P,3.1
34985,3,1179,D9Rat57,1,9,24.63,P,1.5
39024,3,3201,D9Rat59,1,9,24.63,P,2.4
39896,3,3637,D9Rat149,1,9,24.63,P,2.4
35164,3,1270,D9Rat56,1,9,24.63,P,1.5
42358,3,4892,D9Rat195,1,9,24.67,F,0
37604,3,2491,D9Rat76,1,9,24.71,P,2.4
41890,3,4634,D9Rat191,1,9,24.71,P,2.4
42359,3,4893,D9Rat190,1,9,24.71,P,1.5
38274,3,2826,D9Rat58,1,9,24.71,P,2.4
39964,3,3671,D9Rat150,1,9,24.71,P,2.4
38914,3,3146,D9Rat91,1,9,25.73,P,.8
40088,3,3733,D9Rat148,1,9,25.73,P,.8
42360,3,4894,D9Rat189,1,9,26.82,F,0
42361,3,4895,D9Rat188,1,9,26.86,P,2.9
37220,3,2299,D9Rat73,1,9,26.86,P,2.9
35819,3,1598,D9Rat26,1,9,26.86,P,2.9
39788,3,3583,D9Rat147,1,9,26.86,P,2.9
34413,3,957,D9Mgh3,1,9,29.65,P,1.7
38716,3,3047,D9Rat60,1,9,32.43,F,0
37498,3,2438,D9Rat105,1,9,34.58,P,1.7
36582,3,1979,D9Rat21,1,9,34.58,P,1.7
35010,3,1192,D9Rat24,1,9,34.6199,F,0
39362,3,3370,D9Rat92,1,9,35.67,P,1.5
35833,3,1605,D9Rat20,1,9,35.71,F,0
37504,3,2441,D9Rat80,1,9,35.75,P,1.5
39096,3,3237,D9Rat61,1,9,36.8,F,0
34013,3,758,D9Mit3,1,9,39,F,0
35055,3,1215,D9Rat17,1,9,39.04,P,3.1
35843,3,1610,D9Rat13,1,9,42.32,P,3.1
10404,3,116,D9Mit2,1,9,42.29,P,3.1
36321,3,1849,D9Rat14,1,9,42.29,P,3.1
37522,3,2450,D9Rat85,1,9,42.32,P,3.1
36147,3,1762,D9Rat15,1,9,42.29,P,3.1
38066,3,2722,D9Rat65,1,9,42.32,F,0
37218,3,2298,D9Rat69,1,9,43.41,P,1.1
35398,3,1387,D9Rat55,1,9,45.63,F,0
35469,3,1423,D9Rat11,1,9,45.67,P,3.1
41628,3,4503,D9Rat164,1,9,45.67,P,3.1
39502,3,3440,D9Rat146,1,9,45.67,P,3.1
36556,3,1966,D9Rat10,1,9,45.67,P,3.1
38294,3,2836,D9Rat72,1,9,45.67,P,1.1
38368,3,2873,D9Rat95,1,9,47.12,P,1.2
37810,3,2594,D9Rat89,1,9,49.02,P,1.1
38048,3,2713,D9Rat90,1,9,49.02,P,1.1
38132,3,2755,D9Rat62,1,9,50.1,F,0
36924,3,2151,D9Rat7,1,9,52.29,F,0
36009,3,1693,D9Rat54,1,9,54.49,F,0
37002,3,2190,D9Rat53,1,9,54.53,P,3.1
38388,3,2883,D9Rat74,1,9,56.65,P,3.1
42362,3,4896,D9Rat186,1,9,56.65,P,3.1
37724,3,2551,D9Rat84,1,9,56.65,P,3.1
40080,3,3729,D9Rat144,1,9,56.65,P,3.1
42363,3,4897,D9Rat187,1,9,56.69,F,0
36838,3,2108,D9Rat51,1,9,56.73,P,1.8
34955,3,1164,D9Rat52,1,9,56.73,P,3.1
39384,3,3381,D9Rat145,1,9,56.73,P,3.1
35691,3,1534,D9Rat5,1,9,58.88,F,0
37052,3,2215,D9Rat6,1,9,59.98,P,1.2
37932,3,2655,D9Rat68,1,9,59.98,P,1.2
37216,3,2297,D9Rat67,1,9,59.98,P,1.2
40374,3,3876,D9Rat143,1,9,61.12,P,.8
39658,3,3518,D9Rat142,1,9,61.13,P,.8
38270,3,2824,D9Rat97,1,9,62.18,F,0
38902,3,3140,D9Rat83,1,9,63.25,P,.9
39970,3,3674,D9Rat141,1,9,63.25,P,.9
38036,3,2707,D9Rat64,1,9,63.26,P,.9
36908,3,2143,D9Rat4,1,9,63.48,P,1
42364,3,4898,D9Rat194,1,9,65.58,P,1.4
36803,3,2090,D9Rat50,1,9,68.96,F,0
37312,3,2345,D9Rat100,1,9,72.26,F,0
36027,3,1702,D9Rat3,1,9,77.9,F,0
42365,3,4899,D9Rat185,1,9,81.3,P,.7
40510,3,3944,D9Rat109,1,9,81.3,P,.7
41672,3,4525,D9Rat163,1,9,81.3,P,.7
33650,3,576,D9Mit1,1,9,83.51,P,.1
37484,3,2431,D9Rat77,1,9,83.51,P,1
39542,3,3460,D9Rat140,1,9,83.53,F,0
39036,3,3207,D9Rat71,1,9,85.72,P,.7
36620,3,1998,D9Rat48,1,9,85.77,P,.8
38536,3,2957,D9Rat103,1,9,85.77,P,.8
35284,3,1330,D9Rat49,1,9,85.78,P,.2
38062,3,2720,D10Rat96,1,10,0,F,0
40034,3,3706,D10Rat199,1,10,4.54,P,3.1
35983,3,1680,D10Rat89,1,10,4.54,P,3.1
38526,3,2952,D10Rat115,1,10,4.54,P,3.1
41698,3,4538,D10Rat225,1,10,4.54,P,3.1
37464,3,2421,D10Rat95,1,10,4.54,P,3.1
39664,3,3521,D10Rat200,1,10,4.54,P,1.5
41937,3,4657,D10Arb26,1,10,4.54,P,2.2
36468,3,1922,D10Rat67,1,10,4.56,F,0
34957,3,1165,D10Rat66,1,10,6.22,P,1.3
39968,3,3673,D10Rat198,1,10,6.75,P,1.3
37526,3,2452,D10Rat91,1,10,7.84,P,3
34851,3,1111,D10Rat65,1,10,7.84,P,3
35216,3,1296,D10Rat48,1,10,7.84,P,3
38196,3,2787,D10Rat103,1,10,7.88,F,0
35769,3,1573,D10Rat47,1,10,10.07,F,0
35485,3,1431,D10Rat64,1,10,12.48,P,1.1
36249,3,1813,D10Rat45,1,10,14,P,3.1
33666,3,584,D10Mit16,1,10,14,P,3.1
37770,3,2574,D10Rat113,1,10,14.03,F,0
36683,3,2030,D10Rat42,1,10,15.2,P,.9
35001,3,1187,D10Rat43,1,10,16.48,P,2.5
36522,3,1949,D10Rat44,1,10,21.4699,F,0
35078,3,1227,D10Rat41,1,10,23.6099,F,0
41732,3,4555,D10Rat224,1,10,30.4,P,.9
37454,3,2416,D10Rat82,1,10,30.58,P,.8
36067,3,1722,D10Rat38,1,10,30.58,P,.8
36496,3,1936,D10Rat37,1,10,31.5799,F,0
38162,3,2770,D10Rat129,1,10,31.61,P,3.1
34318,3,910,D10Mgh10,1,10,33.0199,P,1
40542,3,3960,D10Rat175,1,10,34.8699,P,1
38588,3,2983,D10Rat76,1,10,34.8699,P,1
37636,3,2507,D10Rat79,1,10,34.8699,P,1
38446,3,2912,D10Rat130,1,10,34.8699,P,1
35084,3,1230,D10Rat36,1,10,34.8699,P,1
39038,3,3208,D10Rat104,1,10,34.8699,P,1
42366,3,4900,D10Rat266,1,10,34.8699,P,1
42367,3,4901,D10Rat265,1,10,34.88,P,1
42368,3,4902,D10Rat246,1,10,35.9199,P,3.1
38532,3,2955,D10Rat126,1,10,35.9499,F,0
38824,3,3101,D10Rat78,1,10,35.99,P,3.1
37082,3,2230,D10Rat223,1,10,35.99,P,3.1
37654,3,2516,D10Rat111,1,10,35.99,P,2.7
35587,3,1482,D10Rat63,1,10,39.32,P,1.1
37914,3,2646,D10Rat125,1,10,39.32,P,1.1
38292,3,2835,D10Rat73,1,10,39.32,P,1.1
35829,3,1603,D10Rat31,1,10,40.36,P,3.1
40248,3,3813,D10Rat197,1,10,40.36,P,3.1
34803,3,1087,D10Rat62,1,10,40.36,P,3.1
39900,3,3639,D10Rat196,1,10,40.36,P,3.1
42369,3,4903,D10Rat264,1,10,40.36,P,3.1
37800,3,2589,D10Rat81,1,10,40.36,P,3.1
36886,3,2132,D10Rat32,1,10,40.36,P,3.1
39172,3,3275,D10Rat119,1,10,40.36,P,3.1
37286,3,2332,D10Rat222,1,10,40.36,P,3.1
38102,3,2740,D10Rat102,1,10,40.39,F,0
35529,3,1453,D10Rat59,1,10,42.61,P,.8
36713,3,2045,D10Rat61,1,10,43.6599,F,0
36233,3,1805,D10Rat60,1,10,44.8799,P,.9
37564,3,2471,D10Rat77,1,10,45.8799,P,2.3
41943,3,4660,D10Arb6,1,10,46.39,P,2.9
42370,3,4904,D10Rat238,1,10,50.56,P,2.4
38986,3,3182,D10Rat69,1,10,51.71,P,.9
40564,3,3971,D10Rat211,1,10,51.71,P,.9
37450,3,2414,D10Rat133,1,10,52.6699,F,0
37676,3,2527,D10Rat68,1,10,52.73,P,3.1
39954,3,3666,D10Rat195,1,10,52.73,P,3.1
10142,3,32,D10Arb9,1,10,52.73,P,3.1
35108,3,1242,D10Rat30,1,10,52.73,P,3.1
35228,3,1302,D10Rat29,1,10,53.73,P,.9
41939,3,4658,D10Arb27,1,10,53.73,P,.9
37170,3,2274,D10Rat123,1,10,54.7899,P,2.3
38936,3,3157,D10Rat98,1,10,54.8199,F,0
37084,3,2231,D10Rat28,1,10,54.8599,P,2.3
37502,3,2440,D10Rat70,1,10,54.8599,P,1.9
36916,3,2147,D10Rat58,1,10,57.0099,F,0
42371,3,4905,D10Rat263,1,10,57.9,P,0
37178,3,2278,D10Rat221,1,10,58.1099,P,1.2
38504,3,2941,D10Rat90,1,10,58.1099,P,1.2
39908,3,3643,D10Rat194,1,10,59.1599,P,3.1
38286,3,2832,D10Rat112,1,10,59.1599,P,1.9
39114,3,3246,D10Rat87,1,10,59.1599,P,3.1
36319,3,1848,D10Rat26,1,10,59.1999,F,0
36203,3,1790,D10Rat27,1,10,59.2399,P,3.1
36751,3,2064,D10Rat25,1,10,59.2399,P,3.1
34900,3,1136,D10Rat57,1,10,59.2399,P,3.1
39500,3,3439,D10Rat193,1,10,59.2399,P,3.1
37622,3,2500,D10Rat131,1,10,59.2399,P,3.1
40444,3,3911,D10Rat220,1,10,60.3399,P,1.3
38342,3,2860,D10Rat92,1,10,60.8599,P,1.3
36878,3,2128,D10Rat219,1,10,62.48,P,3.1
40202,3,3790,D10Rat192,1,10,62.48,P,3.1
42372,3,4906,D10Rat269,1,10,62.51,F,0
37460,3,2419,D10Rat93,1,10,62.5499,P,3.1
35563,3,1470,D10Rat21,1,10,63.6,P,1.1
39166,3,3272,D10Rat107,1,10,63.6,P,1.1
39226,3,3302,D10Rat86,1,10,63.6,P,1.1
10981,3,320,D10Arb21,1,10,64.75,P,2.8
35503,3,1440,D10Rat20,1,10,65.89,P,1.1
38516,3,2947,D10Rat106,1,10,66.94,P,3.1
40526,3,3952,D10Rat149,1,10,66.94,P,3.1
37900,3,2639,D10Rat124,1,10,66.97,F,0
39538,3,3458,D10Rat191,1,10,67.0099,P,3.1
39750,3,3564,D10Rat190,1,10,70.2699,F,0
37996,3,2687,D10Rat127,1,10,70.3099,P,3.1
36749,3,2063,D10Rat19,1,10,70.3099,P,3.1
41932,3,4655,D10Arb13,1,10,71.36,P,1.1
36019,3,1698,D10Rat18,1,10,71.36,P,1.1
34939,3,1156,D10Rat55,1,10,71.36,P,1.1
40602,3,3990,D10Rat206,1,10,71.3999,P,1.2
36830,3,2104,D10Rat56,1,10,71.3999,P,1.2
39302,3,3340,D10Rat120,1,10,72.5,P,1.1
41930,3,4654,D10Arb11,1,10,73.56,P,3.1
39306,3,3342,D10Rat122,1,10,73.59,F,0
39140,3,3259,D10Rat84,1,10,73.6299,P,3.1
10642,3,210,D10Mit12,1,10,75.78,P,1.3
10466,3,143,D10Mit1,1,10,75.81,P,1.2
34896,3,1134,D10Rat17,1,10,75.8199,P,1.2
42259,3,4796,D10Rat54,1,10,75.8199,P,1.2
40572,3,3975,D10Rat203,1,10,76.87,P,3.1
39928,3,3653,D10Rat189,1,10,76.87,P,3.1
36624,3,2000,D10Rat13,1,10,76.87,P,3.1
34779,3,1075,D10Rat53,1,10,76.87,P,3.1
39136,3,3257,D10Rat74,1,10,76.87,P,3.1
35705,3,1541,D10Rat14,1,10,76.87,P,3.1
36283,3,1830,D10Rat15,1,10,76.9099,F,0
34485,3,993,D10Mgh4,1,10,76.95,P,1.8
36297,3,1837,D10Rat52,1,10,78.01,P,1.2
40532,3,3955,D10Rat137,1,10,79.0699,P,3.1
35627,3,1502,D10Rat12,1,10,79.1,F,0
34100,3,801,D10Mgh3,1,10,81.3499,P,1.1
35256,3,1316,D10Rat11,1,10,82.4,P,3.1
35573,3,1475,D10Rat10,1,10,82.4399,F,0
42373,3,4907,D10Rat267,1,10,85.74,P,2.9
40070,3,3724,D10Rat188,1,10,85.74,P,2.9
38542,3,2960,D10Rat132,1,10,85.78,F,0
34941,3,1157,D10Rat7,1,10,87.96,F,0
42374,3,4908,D10Rat262,1,10,88,P,3
38620,3,2999,D10Rat109,1,10,92.4099,P,0
36986,3,2182,D10Rat1,1,10,92.4099,P,0
38514,3,2946,D10Rat105,1,10,92.43,F,0
39576,3,3477,D10Rat187,1,10,94.62,P,.7
39504,3,3441,D11Rat88,1,11,0,P,.1
40260,3,3819,D11Rat87,1,11,.04,F,0
37574,3,2476,D11Rat52,1,11,2.2799,P,.7
39962,3,3670,D11Rat86,1,11,2.2799,P,.5
37070,3,2224,D11Rat28,1,11,4.5,F,0
35050,3,1212,D11Rat27,1,11,5.5899,P,1.1
38678,3,3028,D11Rat40,1,11,7.79,P,3.1
35565,3,1471,D11Rat20,1,11,7.82,F,0
34003,3,753,D11Mit3,1,11,9.98,P,3.1
35152,3,1264,D11Rat21,1,11,9.98,P,1.7
34929,3,1151,D11Rat19,1,11,10.02,F,0
34916,3,1144,D11Rat26,1,11,10.0599,P,3.1
36906,3,2142,D11Rat17,1,11,11.12,P,1.3
36944,3,2161,D11Rat25,1,11,11.12,P,1.3
35679,3,1528,D11Rat16,1,11,12.19,P,3.1
34793,3,1082,D11Rat11,1,11,12.19,P,3.1
42375,3,4909,D11Rat114,1,11,12.19,P,3.1
35483,3,1430,D11Rat15,1,11,12.19,P,3.1
34811,3,1091,D11Rat13,1,11,12.19,P,3.1
35933,3,1655,D11Rat12,1,11,12.2199,F,0
38250,3,2814,D11Rat44,1,11,12.2599,P,1.9
37904,3,2641,D11Rat36,1,11,12.2599,P,1.9
33642,3,572,D11Mit1,1,11,13.32,P,1.3
39198,3,3288,D11Rat35,1,11,14.4199,F,0
36820,3,2099,D11Rat9,1,11,16.5799,P,2
35441,3,1409,D11Rat48,1,11,16.5799,P,2
39562,3,3470,D11Rat84,1,11,16.5799,P,2
39808,3,3593,D11Rat85,1,11,16.5799,P,2
35224,3,1300,D11Rat23,1,11,16.6199,F,0
37516,3,2447,D11Rat39,1,11,16.6599,P,1.3
41634,3,4506,D11Rat96,1,11,18.7699,F,0
34112,3,807,D11Mgh4,1,11,41.9299,F,0
35955,3,1666,D11Rat38,1,11,42.8799,P,.5
41240,3,4309,D11Rat83,1,11,44.0199,P,1.4
36644,3,2010,D11Rat34,1,11,44.0199,P,1.4
35154,3,1265,D11Rat102,1,11,44.0199,P,1.4
41950,3,4663,D11Arb11,1,11,44.4799,P,1.6
39084,3,3231,D11Rat93,1,11,48.5199,F,0
40550,3,3964,D11Rat60,1,11,49.6699,P,.9
35953,3,1665,D11Rat37,1,11,51.2399,F,0
34912,3,1142,D11Rat30,1,11,52.8199,P,1.2
11345,3,460,D11Mit7,1,11,53.9499,P,1.8
41952,3,4664,D11Arb2,1,11,53.9499,P,1.8
42376,3,4910,D11Rat117,1,11,53.9499,P,1.8
38964,3,3171,D11Rat42,1,11,53.9799,F,0
34118,3,810,D11Mgh2,1,11,54.0199,P,.7
40082,3,3730,D11Rat82,1,11,55.0699,P,1
10847,3,277,D11Mit8,1,11,55.0699,P,1
42377,3,4911,D11Rat118,1,11,55.0699,P,1.1
37942,3,2660,D11Rat46,1,11,56.1999,P,.2
10375,3,109,D11Mgh1,1,11,57.2499,P,3.1
41692,3,4535,D11Rat89,1,11,57.2499,P,3.1
38800,3,3089,D11Rat43,1,11,57.2499,P,3.1
39356,3,3367,D11Rat41,1,11,57.2899,F,0
38052,3,2715,D12Rat37,1,12,0,F,0
41965,3,4670,D12Arb8,1,12,3.37,P,.9
35402,3,1389,D12Rat5,1,12,4.42,F,0
37272,3,2325,D12Rat28,1,12,5.49,P,.9
38224,3,2801,D12Rat38,1,12,9.01,P,2.6
11051,3,347,D12Mit2,1,12,9.01,P,2.6
39366,3,3372,D12Rat71,1,12,10.1799,P,2.4
39236,3,3307,D12Rat51,1,12,10.1799,P,1
37878,3,2628,D12Rat33,1,12,10.1799,P,1
39184,3,3281,D12Rat73,1,12,10.1799,P,1
37250,3,2314,D12Rat26,1,12,11.22,P,3.1
35479,3,1428,D12Rat8,1,12,11.22,F,0
36025,3,1701,D12Rat23,1,12,11.22,P,3.1
42378,3,4912,D12Rat114,1,12,11.2599,P,3.1
40296,3,3837,D12Rat82,1,12,12.29,P,1
35923,3,1650,D12Rat12,1,12,12.29,P,1
40120,3,3749,D12Rat81,1,12,12.29,P,1
37346,3,2362,D12Rat27,1,12,12.29,P,1
36805,3,2091,D12Rat13,1,12,12.29,P,1
38404,3,2891,D12Rat45,1,12,13.34,P,2.4
39446,3,3412,D12Rat99,1,12,13.38,F,0
40214,3,3796,D12Rat83,1,12,14.4999,P,1.2
38276,3,2827,D12Rat42,1,12,16.85,F,0
37334,3,2356,D12Rat46,1,12,28.25,P,3.1
35433,3,1405,D12Rat17,1,12,29.63,P,2.8
36795,3,2086,D12Rat24,1,12,32.06,P,1.2
38108,3,2743,D12Rat50,1,12,34.65,P,.3
37366,3,2372,D12Rat54,1,12,34.67,P,.3
40454,3,3916,D12Rat100,1,12,34.74,P,.3
40112,3,3745,D12Rat84,1,12,34.74,P,.3
38736,3,3057,D12Rat48,1,12,34.92,F,0
41786,3,4582,D12Rat101,1,12,34.96,P,3.1
36490,3,1933,D12Rat18,1,12,35.52,P,0
36671,3,2024,D12Rat19,1,12,35.6899,P,0
39740,3,3559,D12Rat85,1,12,35.6899,P,0
41688,3,4533,D12Rat97,1,12,35.74,P,3.1
42379,3,4913,D12Rat111,1,12,36.27,P,0
37874,3,2626,D12Rat31,1,12,37.03,P,.6
39416,3,3397,D12Rat87,1,12,37.03,P,.6
39712,3,3545,D12Rat86,1,12,37.03,P,.6
36818,3,2098,D12Rat25,1,12,37.59,P,.7
33923,3,713,D13Mit1,1,13,0,P,.8
42380,3,4914,D13Rat169,1,13,1.4701,P,.2
36251,3,1814,D13Rat8,1,13,2.57,F,0
37370,3,2374,D13Rat79,1,13,2.61,P,0
35701,3,1539,D13Rat10,1,13,2.61,P,3.1
37862,3,2620,D13Rat65,1,13,2.61,P,3.1
36675,3,2026,D13Rat11,1,13,2.61,P,3.1
37396,3,2387,D13Rat93,1,13,2.61,P,3.1
37968,3,2673,D13Rat55,1,13,3.68,P,.2
37180,3,2279,D13Rat64,1,13,3.68,P,.2
34076,3,789,D13Mgh1,1,13,3.68,P,.2
39196,3,3287,D13Rat68,1,13,3.68,P,.2
35975,3,1676,D13Rat7,1,13,3.68,P,.2
36922,3,2150,D13Rat4,1,13,3.68,P,.2
39778,3,3578,D13Rat134,1,13,3.68,P,.2
36289,3,1833,D13Rat36,1,13,3.6899,P,.2
34767,3,1069,D13Rat35,1,13,4.0399,P,.4
35208,3,1292,D13Rat2,1,13,4.9099,P,1.1
36630,3,2003,D13Rat5,1,13,4.9099,P,1
37316,3,2347,D13Rat53,1,13,4.92,P,.8
36699,3,2038,D13Rat1,1,13,5.65,P,2.1
38480,3,2929,D13Rat104,1,13,7.65,F,0
41978,3,4676,D13Arb5,1,13,8.9999,P,1.1
36974,3,2176,D13Rat16,1,13,9.0099,P,1.1
38530,3,2954,D13Rat94,1,13,9.0799,P,1.1
36747,3,2062,D13Rat20,1,13,9.15,P,0
36679,3,2028,D13Rat37,1,13,9.21,P,1.2
36695,3,2036,D13Rat38,1,13,9.21,P,1.2
37804,3,2591,D13Rat80,1,13,9.21,P,1.2
35170,3,1273,D13Rat12,1,13,9.21,P,1.2
34140,3,821,D13Mgh2,1,13,9.21,P,1.2
34951,3,1162,D13Rat39,1,13,9.21,P,1.2
41976,3,4675,D13Arb4,1,13,9.21,P,1.2
34876,3,1124,D13Rat17,1,13,9.21,P,1.2
34351,3,926,D13Mgh4,1,13,9.21,P,1.2
35557,3,1467,D13Rat18,1,13,9.22,P,1.2
37420,3,2399,D13Rat70,1,13,9.35,P,1.3
41980,3,4677,D13Arb6,1,13,9.35,P,1.3
41974,3,4674,D13Arb3,1,13,9.7199,P,1.3
36767,3,2072,D13Rat40,1,13,10.1899,P,2.8
37022,3,2200,D13Rat149,1,13,11.5299,P,1.1
39208,3,3293,D13Rat88,1,13,12.72,F,0
34833,3,1102,D13Rat19,1,13,16.04,F,0
39106,3,3242,D13Rat71,1,13,17.13,P,1.2
35925,3,1651,D13Rat41,1,13,17.13,P,1.2
38020,3,2699,D13Rat87,1,13,17.13,P,1.2
37414,3,2396,D13Rat66,1,13,17.13,P,1.2
38240,3,2809,D13Rat91,1,13,17.13,P,1.2
36884,3,2131,D13Rat25,1,13,18.23,F,0
38840,3,3109,D13Rat105,1,13,18.27,P,3.1
37314,3,2346,D13Rat101,1,13,19.33,P,1.2
37728,3,2553,D13Rat92,1,13,19.33,P,1.2
37898,3,2638,D13Rat78,1,13,19.33,P,1.2
41268,3,4323,D13Rat135,1,13,19.33,P,1.2
38680,3,3029,D13Rat73,1,13,19.33,P,1.2
38518,3,2948,D13Rat72,1,13,19.33,P,1.2
37154,3,2266,D13Rat154,1,13,20.43,P,1.2
42381,3,4915,D13Rat188,1,13,20.47,P,1.1
39228,3,3303,D13Rat89,1,13,21.5199,P,3.1
33733,3,617,D13Mit2,1,13,21.56,F,0
35997,3,1687,D13Rat26,1,13,21.6,P,3.1
34534,3,1009,D13Mgh5,1,13,22.65,P,1.1
38396,3,2887,D13Rat77,1,13,22.65,P,1.1
36588,3,1982,D13Rat27,1,13,22.65,P,1.1
39348,3,3363,D13Rat62,1,13,22.69,P,1.2
37886,3,2632,D13Rat67,1,13,24.86,P,3.1
36033,3,1705,D13Rat29,1,13,24.86,P,3.1
38662,3,3020,D13Rat102,1,13,24.89,F,0
38170,3,2774,D13Rat61,1,13,24.93,P,1.8
42382,3,4916,D13Rat196,1,13,24.93,P,3.1
39942,3,3660,D13Rat137,1,13,27.05,P,1.8
35971,3,1674,D13Rat30,1,13,27.08,F,0
11115,3,373,D13Mgh7,1,13,28.32,P,1.4
39544,3,3461,D13Rat138,1,13,28.75,P,1.2
36779,3,2078,D13Rat43,1,13,30.36,P,3.1
36727,3,2052,D13Rat31,1,13,30.36,P,3.1
36506,3,1941,D13Rat32,1,13,30.36,P,3.1
33604,3,553,D13Mit5,1,13,30.36,P,3.1
35607,3,1492,D13Rat44,1,13,30.36,P,3.1
40476,3,3927,D13Rat155,1,13,30.36,P,3.1
36197,3,1787,D13Rat42,1,13,30.36,P,3.1
37844,3,2611,D13Rat85,1,13,30.3999,F,0
36920,3,2149,D13Rat46,1,13,30.44,P,3.1
41858,3,4618,D13Rat156,1,13,30.44,P,3.1
35597,3,1487,D13Rat45,1,13,30.44,P,3.1
38968,3,3173,D13Rat69,1,13,30.44,P,3.1
38990,3,3184,D13Rat58,1,13,30.44,P,3.1
39994,3,3686,D13Rat139,1,13,31.49,P,1
41764,3,4571,D13Rat189,1,13,32.61,P,1.5
41260,3,4319,D13Rat140,1,13,33.26,P,2.8
34769,3,1070,D13Rat33,1,13,36.7699,P,3.1
41900,3,4639,D13Rat190,1,13,36.7799,P,3.1
34483,3,992,D13Mgh9,1,13,36.7799,P,3.1
38582,3,2980,D13Rat56,1,13,36.79,F,0
41970,3,4672,D13Arb13,1,13,40.5,P,3.1
42383,3,4917,D13Rat191,1,13,40.53,F,0
10204,3,52,D13Arb11,1,13,41.61,P,1
40568,3,3973,D13Rat152,1,13,41.62,P,1.1
38482,3,2930,D13Rat54,1,13,46.13,F,0
37576,3,2477,D13Rat192,1,13,53.87,P,1
37726,3,2552,D13Rat84,1,13,54.5099,P,1.5
35252,3,1314,D13Rat48,1,13,57.7299,F,0
35471,3,1424,D13Rat47,1,13,57.9,P,3.1
41792,3,4585,D13Rat159,1,13,57.9,P,3.1
37406,3,2392,D13Rat164,1,13,57.9,P,0
39802,3,3590,D13Rat160,1,13,57.9,P,3.1
42384,3,4918,D13Rat194,1,13,57.9,P,3.1
42385,3,4919,D13Rat193,1,13,58.7799,P,.2
36848,3,2113,D13Rat49,1,13,58.79,P,.2
40298,3,3838,D13Rat141,1,13,58.82,P,.3
34819,3,1095,D13Rat157,1,13,59.8799,P,.4
41802,3,4590,D13Rat158,1,13,59.8799,P,.4
35192,3,1284,D13Rat76,1,13,59.8799,P,.7
39436,3,3407,D13Rat142,1,13,59.8799,P,.4
36055,3,1716,D13Rat50,1,13,59.93,P,.5
39662,3,3520,D13Rat161,1,13,59.93,P,.5
37542,3,2460,D13Rat82,1,13,59.93,P,.5
39270,3,3324,D13Rat90,1,13,59.9799,P,.5
34945,3,1159,D13Rat51,1,13,60.04,P,.5
41742,3,4560,D13Rat162,1,13,60.0699,P,.8
40468,3,3923,D13Rat163,1,13,61.8799,P,1.1
36890,3,2134,D14Rat2,1,14,0,P,.3
41994,3,4683,D14Arb2,1,14,1.33,P,3.1
42386,3,4920,D14Rat142,1,14,1.33,P,.1
39204,3,3291,D14Rat54,1,14,1.33,P,0
36536,3,1956,D14Rat1,1,14,1.33,P,3.1
42387,3,4921,D14Rat141,1,14,1.33,P,0
34981,3,1177,D14Rat23,1,14,1.33,P,3.1
37528,3,2453,D14Rat66,1,14,1.37,F,0
39448,3,3413,D14Rat97,1,14,1.41,P,0
33953,3,728,D14Mit1,1,14,6.9299,P,3.1
42388,3,4922,D14Rat133,1,14,6.95,F,0
39876,3,3627,D14Rat98,1,14,14.9399,F,0
42389,3,4923,D14Rat145,1,14,15.9999,P,.8
42390,3,4924,D14Rat143,1,14,19.4299,P,2.6
10113,3,19,D14Mit2,1,14,19.55,P,2.4
42002,3,4687,D14Arb6,1,14,21.7599,F,0
40104,3,3741,D14Rat99,1,14,26.1499,P,3.1
38688,3,3033,D14Rat53,1,14,26.1499,P,3.1
36520,3,1948,D14Rat7,1,14,26.1799,F,0
39174,3,3276,D14Rat55,1,14,26.22,P,3.1
38486,3,2932,D14Rat41,1,14,26.22,P,3.1
34890,3,1131,D14Rat9,1,14,26.22,P,3.1
39138,3,3258,D14Rat50,1,14,26.22,P,3.1
38932,3,3155,D14Rat36,1,14,26.22,P,3.1
37822,3,2600,D14Rat33,1,14,26.22,P,3.1
34965,3,1169,D14Rat10,1,14,27.2299,P,.7
42391,3,4925,D14Rat134,1,14,27.33,P,.7
38408,3,2893,D14Rat65,1,14,27.33,P,.7
38616,3,2997,D14Rat44,1,14,39.2099,F,0
36860,3,2119,D14Rat47,1,14,39.2499,P,3.1
35319,3,1348,D14Rat16,1,14,39.47,P,3.1
38984,3,3181,D14Rat31,1,14,39.2499,P,3.1
39088,3,3233,D14Rat63,1,14,39.47,P,3.1
38232,3,2805,D14Rat56,1,14,39.47,P,3.1
37798,3,2588,D14Rat48,1,14,39.47,P,3.1
35202,3,1289,D14Rat24,1,14,39.47,P,3.1
35723,3,1550,D14Rat25,1,14,39.47,P,3.1
37624,3,2501,D14Rat68,1,14,39.47,P,3.1
11030,3,342,D14Mit4,1,14,39.47,P,3.1
37230,3,2304,D14Rat64,1,14,45.9899,F,0
37098,3,2238,D14Rat26,1,14,45.9899,P,3.1
37328,3,2353,D14Rat61,1,14,45.9899,P,3.1
37486,3,2432,D14Rat45,1,14,46.0299,P,3.1
37426,3,2402,D14Rat62,1,14,46.0299,P,3.1
38168,3,2773,D14Rat40,1,14,49.2899,F,0
37226,3,2302,D14Rat60,1,14,53.0999,F,0
35765,3,1571,D14Rat29,1,14,54.0299,P,1
42392,3,4926,D14Rat135,1,14,55.01,P,2.1
36864,3,2121,D14Rat28,1,14,55.78,P,.9
37828,3,2603,D14Rat39,1,14,55.78,P,.9
41988,3,4680,D14Arb11,1,14,55.78,P,.9
39806,3,3592,D14Rat100,1,14,55.78,P,.9
38070,3,2724,D14Rat43,1,14,56.8699,F,0
35837,3,1607,D14Rat27,1,14,57.94,P,.9
38214,3,2796,D14Rat59,1,14,57.94,P,.9
42393,3,4927,D14Rat136,1,14,63.6199,P,1
38806,3,3092,D14Rat67,1,14,64.8499,F,0
38016,3,2697,D14Rat51,1,14,64.88,P,3.1
42394,3,4928,D14Rat137,1,14,66.3799,P,1
39310,3,3344,D14Rat34,1,14,69.2799,F,0
37660,3,2519,D14Rat49,1,14,72.5799,F,0
42395,3,4929,D14Rat138,1,14,75.9299,P,3.1
35897,3,1637,D14Rat22,1,14,75.96,F,0
42396,3,4930,D14Rat139,1,14,75.9999,P,.1
40406,3,3892,D14Rat109,1,14,75.9999,P,.1
36564,3,1970,D14Rat110,1,14,82.27,P,3.1
38796,3,3087,D15Rat55,1,15,0,P,3.1
40200,3,3789,D15Rat108,1,15,0,P,3.1
38922,3,3150,D15Rat38,1,15,0,P,0
39766,3,3572,D15Rat129,1,15,0,P,3.1
39940,3,3659,D15Rat109,1,15,0,P,3.1
38578,3,2978,D15Rat73,1,15,.04,F,0
38400,3,2889,D15Rat67,1,15,.04,P,0
40358,3,3868,D15Rat110,1,15,7.04,P,.7
38200,3,2789,D15Rat54,1,15,8.0199,F,0
42397,3,4931,D15Rat159,1,15,8.0599,P,3.1
42398,3,4932,D15Rat169,1,15,15.59,P,1.1
42399,3,4933,D15Rat172,1,15,17.02,F,0
42400,3,4934,D15Rat160,1,15,18.72,P,.9
40172,3,3775,D15Rat111,1,15,19.6699,P,3.1
38134,3,2756,D15Rat45,1,15,19.6699,P,3.1
35417,3,1397,D15Rat130,1,15,19.6699,P,3.1
38206,3,2792,D15Rat62,1,15,19.69,F,0
42401,3,4935,D15Rat161,1,15,19.73,P,2.4
36059,3,1718,D15Rat30,1,15,22.11,F,0
37106,3,2242,D15Rat31,1,15,22.15,P,3.1
37152,3,2265,D15Rat70,1,15,27.3,P,.8
40432,3,3905,D15Rat131,1,15,28.8699,F,0
42402,3,4936,D15Rat162,1,15,28.88,P,3.1
37308,3,2343,D15Rat52,1,15,29.96,P,.8
42004,3,4688,D15Arb1,1,15,29.96,P,.8
38676,3,3027,D15Rat44,1,15,29.96,P,.8
38596,3,2987,D15Rat58,1,15,29.96,P,.8
41892,3,4635,D15Rat163,1,15,30.1,P,.9
42403,3,4937,D15Rat170,1,15,33.71,P,.8
42404,3,4938,D15Rat171,1,15,34.81,F,0
36594,3,1985,D15Rat7,1,15,40.9,P,1
35991,3,1684,D15Rat10,1,15,41.96,F,0
37666,3,2522,D15Rat64,1,15,41.97,P,3.1
42008,3,4690,D15Arb4,1,15,44.13,F,0
36061,3,1719,D15Rat13,1,15,44.17,P,2.5
36880,3,2129,D15Rat15,1,15,46.32,P,1
42405,3,4939,D15Rat164,1,15,46.32,P,1
39490,3,3434,D15Rat112,1,15,46.36,P,1
35757,3,1567,D15Rat16,1,15,46.36,P,1
34805,3,1088,D15Rat32,1,15,46.36,P,1
35661,3,1519,D15Rat33,1,15,46.36,P,1
37196,3,2287,D15Rat132,1,15,46.36,P,1
35611,3,1494,D15Rat11,1,15,46.36,P,1
37782,3,2580,D15Rat65,1,15,46.36,P,1
36189,3,1783,D15Rat17,1,15,46.36,P,1
38520,3,2949,D15Rat53,1,15,46.36,P,1
37192,3,2285,D15Rat133,1,15,46.36,P,1
36013,3,1695,D15Rat34,1,15,46.36,P,1
34619,3,1032,D15Mgh11,1,15,46.36,P,1
42012,3,4692,D15Arb6,1,15,46.36,P,1
36293,3,1835,D15Rat35,1,15,46.36,P,1
37954,3,2666,D15Rat61,1,15,46.36,P,1
35737,3,1557,D15Rat12,1,15,46.36,P,1
38030,3,2704,D15Rat43,1,15,46.36,P,1
36576,3,1976,D15Rat18,1,15,47.39,P,3.1
38128,3,2753,D15Rat72,1,15,47.39,P,3.1
42406,3,4940,D15Rat165,1,15,47.39,P,3.1
37794,3,2586,D15Rat48,1,15,47.39,P,3.1
36528,3,1952,D15Rat36,1,15,47.39,F,0
37500,3,2439,D15Rat41,1,15,47.47,P,3.1
41926,3,4652,D15Rat37,1,15,47.47,P,3.1
37276,3,2327,D15Rat68,1,15,47.47,P,3.1
35362,3,1369,D15Rat19,1,15,47.47,P,3.1
40554,3,3966,D15Rat93,1,15,47.47,P,3.1
42006,3,4689,D15Arb2,1,15,53.91,P,2.7
36663,3,2020,D15Rat21,1,15,57.06,P,.7
39192,3,3285,D15Rat47,1,15,57.94,F,0
42407,3,4941,D15Rat151,1,15,58.06,P,3.1
34222,3,862,D15Mgh8,1,15,59.21,P,.8
37584,3,2481,D15Rat71,1,15,63.69,P,.1
39122,3,3250,D15Rat40,1,15,63.69,P,.9
42408,3,4942,D15Rat166,1,15,64.7199,F,0
35497,3,1437,D15Rat25,1,15,70.62,P,1.5
38178,3,2778,D15Rat63,1,15,73.9699,F,0
37534,3,2456,D15Rat49,1,15,74.04,P,0
36602,3,1989,D15Rat29,1,15,74.04,P,0
35321,3,1349,D15Rat27,1,15,74.04,P,3.1
40516,3,3947,D15Rat106,1,15,74.04,P,3.1
36045,3,1711,D15Rat28,1,15,74.04,P,3.1
42409,3,4943,D16Rat112,1,16,0,P,2.1
36892,3,2135,D16Rat12,1,16,1.9899,P,1.8
38784,3,3081,D16Rat51,1,16,1.9999,P,1.8
35831,3,1604,D16Rat22,1,16,2.07,P,1.8
33848,3,675,D16Mit2,1,16,3.1999,P,1
39272,3,3325,D16Rat38,1,16,5.3399,P,0
37058,3,2218,D16Rat11,1,16,5.3399,P,3.1
38858,3,3118,D16Rat54,1,16,5.3399,P,3.1
39200,3,3289,D16Rat32,1,16,5.3399,P,3.1
42020,3,4696,D16Arb4,1,16,5.3399,P,3.1
35475,3,1426,D16Rat21,1,16,5.3799,F,0
40614,3,3996,D16Rat111,1,16,5.4199,P,3.1
37342,3,2360,D16Rat41,1,16,5.4199,P,0
34860,3,1116,D16Rat20,1,16,10.9099,P,1
38044,3,2711,D16Rat33,1,16,12.1699,F,0
34797,3,1084,D16Rat8,1,16,12.1799,P,3.1
42030,3,4701,D16Arb9,1,16,12.1799,P,3.1
35527,3,1452,D16Rat7,1,16,12.1799,P,3.1
38438,3,2908,D16Rat47,1,16,12.1799,P,3.1
36484,3,1930,D16Rat9,1,16,12.1799,P,3.1
37164,3,2271,D16Rat39,1,16,12.1799,P,3.1
35214,3,1295,D16Rat10,1,16,12.1799,P,3.1
11286,3,439,D16Mgh2,1,16,12.1799,P,3.1
42022,3,4697,D16Arb5,1,16,12.1799,P,3.1
11446,3,501,D16Mgh4,1,16,12.2099,P,3.1
35763,3,1570,D16Rat5,1,16,13.2499,P,.9
37550,3,2464,D16Rat26,1,16,13.2499,P,.9
38594,3,2986,D16Rat52,1,16,15.4599,F,0
42024,3,4698,D16Arb6,1,16,15.4998,P,3.1
35419,3,1398,D16Rat18,1,16,20.0199,P,1.1
39604,3,3491,D16Rat99,1,16,20.0199,P,1.1
35200,3,1288,D16Rat102,1,16,20.0199,P,1.1
37916,3,2647,D16Rat24,1,16,21.0698,P,3.1
35280,3,1328,D16Rat19,1,16,21.0698,P,3.1
35861,3,1619,D16Rat4,1,16,21.0798,F,0
42410,3,4944,D16Rat129,1,16,22.1698,P,1.2
38888,3,3133,D16Rat45,1,16,22.1698,P,1.2
42028,3,4700,D16Arb8,1,16,22.1698,P,1.2
40030,3,3704,D16Rat98,1,16,23.2599,F,0
41884,3,4631,D16Rat128,1,16,23.2999,P,3.1
40524,3,3951,D16Rat67,1,16,23.2999,P,3.1
39936,3,3657,D16Rat96,1,16,23.2999,P,3.1
39596,3,3487,D16Rat97,1,16,23.2999,P,3.1
41766,3,4572,D16Rat110,1,16,25.4898,P,.8
37054,3,2216,D16Rat17,1,16,25.4898,P,.8
41034,3,4206,D16Rat95,1,16,26.5299,F,0
39838,3,3608,D16Rat109,1,16,35.7999,P,2.2
35022,3,1198,D16Rat101,1,16,36.0599,P,2.1
39010,3,3194,D16Rat34,1,16,38.0699,F,0
41682,3,4530,D16Rat108,1,16,38.2399,P,3.1
42018,3,4695,D16Arb3,1,16,38.2399,P,3.1
42411,3,4945,D16Rat127,1,16,38.2399,P,3.1
39288,3,3333,D16Rat37,1,16,40.2098,P,.9
34959,3,1166,D16Rat14,1,16,40.2499,P,.9
42016,3,4694,D16Arb2,1,16,40.2499,P,.9
37786,3,2582,D16Rat25,1,16,40.2499,P,.9
35553,3,1465,D16Rat16,1,16,40.2499,P,.9
38248,3,2813,D16Rat36,1,16,41.3099,F,0
35158,3,1267,D16Rat13,1,16,41.3499,P,3.1
36988,3,2183,D16Rat15,1,16,42.3699,P,.8
42412,3,4946,D16Rat130,1,16,43.9399,P,2.5
39822,3,3600,D16Rat94,1,16,43.9399,P,2.5
42413,3,4947,D16Rat126,1,16,45.9899,P,1.2
42014,3,4693,D16Arb1,1,16,45.9899,P,1.2
39846,3,3612,D16Rat92,1,16,46.7899,P,.6
39866,3,3622,D16Rat93,1,16,47.0199,P,.2
39534,3,3456,D16Rat91,1,16,47.2098,P,.5
36277,3,1827,D16Rat89,1,16,49.5499,F,0
38444,3,2911,D16Rat90,1,16,49.5899,P,.1
42414,3,4948,D16Rat125,1,16,52.2399,P,.9
35116,3,1246,D17Rat53,1,17,0,P,1.8
36980,3,2179,D17Rat5,1,17,3.4,F,0
35354,3,1365,D17Rat6,1,17,4.49,P,.2
37386,3,2382,D17Rat76,1,17,4.4999,P,.3
38996,3,3187,D17Rat63,1,17,6.82,P,2.1
40514,3,3946,D17Rat134,1,17,7.98,P,1
37780,3,2579,D17Rat93,1,17,7.98,P,1
38992,3,3185,D17Rat61,1,17,9.0399,F,0
38138,3,2758,D17Rat66,1,17,11.2299,P,1.1
38416,3,2897,D17Rat70,1,17,11.2699,P,1.1
38698,3,3038,D17Rat75,1,17,12.3499,F,0
35505,3,1441,D17Rat54,1,17,15.7399,P,1.1
39730,3,3554,D17Rat136,1,17,16.7899,P,3.1
39708,3,3543,D17Rat135,1,17,16.8199,F,0
38348,3,2863,D17Rat59,1,17,18.9999,F,0
36910,3,2144,D17Rat8,1,17,19.0399,P,2.9
33658,3,580,D17Mit1,1,17,22.2899,P,3.1
36572,3,1974,D17Rat10,1,17,22.2899,P,3.1
38706,3,3042,D17Rat84,1,17,22.3299,F,0
42032,3,4702,D17Arb1,1,17,24.5199,F,0
34827,3,1099,D17Rat12,1,17,27.8099,P,3.1
38786,3,3082,D17Rat83,1,17,27.8399,F,0
35637,3,1507,D17Rat13,1,17,28.9299,P,1.1
42038,3,4705,D17Arb13,1,17,30.0699,P,1.2
36243,3,1810,D17Rat71,1,17,30.0699,P,1.2
36225,3,1801,D17Rat15,1,17,30.0699,P,1.2
33882,3,692,D17Mit2,1,17,30.0699,P,1.2
41652,3,4515,D17Rat155,1,17,30.0699,P,1.2
42415,3,4949,D17Rat178,1,17,30.0699,P,1.2
42042,3,4707,D17Arb3,1,17,30.0699,P,1.2
38590,3,2984,D17Rat77,1,17,31.17,F,0
36011,3,1694,D17Rat17,1,17,32.26,P,1.2
42416,3,4950,D17Rat179,1,17,33.33,P,3.1
38528,3,2953,D17Rat87,1,17,33.33,P,3.1
42036,3,4704,D17Arb11,1,17,33.33,P,3.1
35935,3,1656,D17Rat55,1,17,33.3599,F,0
42040,3,4706,D17Arb14,1,17,34.46,P,1.2
36259,3,1818,D17Rat19,1,17,34.46,P,1.2
37402,3,2390,D17Rat78,1,17,34.46,P,1.2
35605,3,1491,D17Rat25,1,17,34.46,P,1.2
40192,3,3785,D17Rat137,1,17,34.46,P,1.2
34809,3,1090,D17Rat26,1,17,35.5199,P,3.1
36669,3,2023,D17Rat23,1,17,35.5499,F,0
37008,3,2193,D17Rat24,1,17,35.5899,P,3.1
36614,3,1995,D17Rat22,1,17,35.5899,P,3.1
40042,3,3710,D17Rat138,1,17,35.5899,P,3.1
39322,3,3350,D17Rat74,1,17,35.5899,P,3.1
34120,3,811,D17Mgh5,1,17,36.6499,P,1.2
34122,3,812,D17Mgh8,1,17,36.6499,P,1.2
35791,3,1584,D17Rat57,1,17,38.8399,P,3.1
36107,3,1742,D17Rat29,1,17,38.87,F,0
37494,3,2436,D17Rat98,1,17,39.9599,P,1.1
38464,3,2921,D17Rat79,1,17,39.9599,P,1.1
38780,3,3079,D17Rat64,1,17,39.9599,P,1.1
34821,3,1096,D17Rat56,1,17,39.9599,P,1.1
36329,3,1853,D17Rat32,1,17,39.9599,P,1.1
37418,3,2398,D17Rat73,1,17,40.5299,P,1.4
42417,3,4951,D17Rat182,1,17,40.5299,P,1.4
36996,3,2187,D17Rat31,1,17,42.1599,P,2.7
42045,3,4708,D17Arb5,1,17,42.1599,P,2.6
42418,3,4952,D17Rat68,1,17,42.19,F,0
35893,3,1635,D17Rat38,1,17,44.3599,F,0
37234,3,2306,D17Rat97,1,17,44.4,P,3.1
35258,3,1317,D17Rat36,1,17,44.4,P,3.1
35136,3,1256,D17Rat37,1,17,44.4,P,3.1
39692,3,3535,D17Rat139,1,17,49.5599,P,.9
35645,3,1511,D17Rat40,1,17,50.4899,P,3.1
37404,3,2391,D17Rat82,1,17,50.4899,P,3.1
36315,3,1846,D17Rat41,1,17,50.4999,F,0
35473,3,1425,D17Rat58,1,17,53.15,F,0
37926,3,2652,D17Rat62,1,17,57.6,P,2.7
36526,3,1951,D17Rat46,1,17,57.63,F,0
42419,3,4953,D17Rat180,1,17,57.6699,P,1.6
35687,3,1532,D17Rat47,1,17,58.72,P,1.1
33612,3,557,D17Mit8,1,17,59.8,F,0
38894,3,3136,D17Rat60,1,17,60.89,P,1.1
39318,3,3348,D17Rat65,1,17,65.42,F,0
35735,3,1556,D17Rat49,1,17,65.46,P,0
35719,3,1548,D17Rat51,1,17,68.73,P,1.5
37048,3,2213,D17Rat50,1,17,68.73,P,1.5
40288,3,3833,D17Rat140,1,17,68.73,P,1.5
38092,3,2735,D17Rat95,1,17,68.81,P,1.5
38010,3,2694,D18Rat46,1,18,0,P,2.7
36450,3,1913,D18Rat32,1,18,.5,P,2.6
37480,3,2429,D18Rat48,1,18,2.53,P,.9
42420,3,4954,D18Rat152,1,18,3.8701,P,.2
38430,3,2904,D18Rat62,1,18,4.99,F,0
11461,3,510,D18Mit1,1,18,6.08,P,.2
42421,3,4955,D18Rat146,1,18,9.2499,P,.8
37590,3,2484,D18Rat75,1,18,10.5499,P,3.1
42422,3,4956,D18Rat145,1,18,10.5499,P,3.1
33949,3,726,D18Mit14,1,18,10.57,F,0
39230,3,3304,D18Rat70,1,18,12.22,P,1.2
37020,3,2199,D18Rat37,1,18,12.22,P,1.2
34340,3,921,D18Mgh7,1,18,12.74,P,1.2
38632,3,3005,D18Rat72,1,18,12.78,P,1.1
35803,3,1590,D18Rat25,1,18,13.87,F,0
35509,3,1443,D18Rat24,1,18,13.91,P,3.1
38350,3,2864,D18Rat38,1,18,13.91,P,3.1
40592,3,3985,D18Rat132,1,18,14.96,P,1.1
38928,3,3153,D18Rat39,1,18,14.96,P,1.1
39326,3,3352,D18Rat66,1,18,14.96,P,1.1
35815,3,1596,D18Rat23,1,18,17.15,P,3.1
42423,3,4957,D18Rat151,1,18,17.15,P,3.1
37958,3,2668,D18Rat68,1,18,17.18,F,0
35020,3,1197,D18Rat36,1,18,18.27,P,1.2
35495,3,1436,D18Rat35,1,18,19.38,F,0
37910,3,2644,D18Rat71,1,18,20.4699,F,0
42424,3,4958,D18Rat150,1,18,20.51,P,1.5
40002,3,3690,D18Rat116,1,18,21.52,P,1.7
37608,3,2493,D18Rat53,1,18,21.56,F,0
42425,3,4959,D18Rat149,1,18,21.6,P,1.7
36914,3,2146,D18Rat18,1,18,23.77,F,0
35463,3,1420,D18Rat34,1,18,26.01,P,1.1
37028,3,2203,D18Rat19,1,18,27.0999,F,0
34156,3,829,D18Mgh1,1,18,27.1399,P,3.1
36846,3,2112,D18Rat16,1,18,27.1399,P,3.1
35863,3,1620,D18Rat17,1,18,28.1899,P,1.1
38146,3,2762,D18Rat50,1,18,28.7499,P,1.1
41770,3,4574,D18Rat137,1,18,29.33,P,.8
38850,3,3114,D18Rat56,1,18,29.33,P,.8
37738,3,2558,D18Rat57,1,18,30.38,F,0
37568,3,2473,D18Rat55,1,18,31.46,P,.9
37628,3,2503,D18Rat41,1,18,39.06,F,0
37412,3,2395,D18Rat40,1,18,41.88,P,1.2
42050,3,4710,D18Arb5,1,18,41.94,P,1.2
42052,3,4711,D18Arb6,1,18,43.03,P,3.1
39000,3,3189,D18Rat61,1,18,43.03,P,3.1
42054,3,4712,D18Arb7,1,18,43.06,F,0
40576,3,3977,D18Rat127,1,18,43.1,P,1.8
34975,3,1174,D18Rat13,1,18,44.15,P,1.2
37514,3,2446,D18Rat43,1,18,45.24,F,0
37488,3,2433,D18Rat60,1,18,45.28,P,3
34993,3,1183,D18Rat11,1,18,47.4699,P,1.1
34182,3,842,D18Mgh3,1,18,48.5199,P,3.1
35639,3,1508,D18Rat15,1,18,48.56,F,0
38556,3,2967,D18Rat54,1,18,48.6,P,3.1
35977,3,1677,D18Rat8,1,18,51.87,F,0
36123,3,1750,D18Rat9,1,18,51.91,P,3.1
36816,3,2097,D18Rat12,1,18,51.91,P,3.1
39782,3,3580,D18Rat115,1,18,55.17,P,1.1
41736,3,4557,D18Rat136,1,18,56.3,P,2.4
39258,3,3318,D18Rat49,1,18,56.3199,F,0
36954,3,2166,D18Rat6,1,18,57.4,P,1
39098,3,3238,D18Rat45,1,18,58.5499,P,.8
35282,3,1329,D18Rat5,1,18,58.5499,P,.7
38674,3,3026,D18Rat42,1,18,58.5499,P,.7
37586,3,2482,D18Rat74,1,18,59.3,P,0
33814,3,658,D18Mit9,1,18,60.7699,F,0
36763,3,2070,D18Rat33,1,18,60.8099,P,.1
40566,3,3972,D18Rat119,1,18,61.84,P,.2
36642,3,2009,D18Rat4,1,18,61.8699,P,.2
41918,3,4648,D18Rat2,1,18,62.03,P,3.1
38862,3,3120,D18Rat69,1,18,63.6299,P,.9
37104,3,2241,D18Rat1,1,18,64.5199,P,1.8
39278,3,3328,D18Rat44,1,18,65.7599,P,2.9
39128,3,3253,D19Rat34,1,19,0,P,3
35567,3,1472,D19Rat18,1,19,1.02,P,3.1
37978,3,2678,D19Rat43,1,19,1.02,P,3.1
37042,3,2210,D19Rat19,1,19,2.1701,P,2.6
42426,3,4960,D19Rat119,1,19,6.6,F,0
10715,3,233,D19Arb1,1,19,14.6199,P,.1
40098,3,3738,D19Rat94,1,19,15.72,F,0
35959,3,1668,D19Rat15,1,19,16.7799,P,.8
35007,3,1190,D19Rat16,1,19,16.7799,P,.8
38540,3,2959,D19Rat55,1,19,17.92,P,1.2
38032,3,2705,D19Rat101,1,19,18.9799,P,3.1
38502,3,2940,D19Rat44,1,19,19.01,F,0
35775,3,1576,D19Rat27,1,19,21.16,P,1
38008,3,2693,D19Rat39,1,19,21.16,P,.8
42058,3,4713,D19Arb8,1,19,21.16,P,1
34328,3,915,D19Mgh1,1,19,21.16,P,1
42427,3,4961,D19Rat123,1,19,21.16,P,1
35376,3,1376,D19Rat12,1,19,21.16,P,1
38808,3,3093,D19Rat54,1,19,21.16,P,1
39760,3,3569,D19Rat93,1,19,21.16,P,1
37668,3,2523,D19Rat42,1,19,21.16,P,1
40512,3,3945,D19Rat76,1,19,21.16,P,1
33698,3,600,D19Mit12,1,19,21.16,P,1
35839,3,1608,D19Rat14,1,19,21.16,P,1
35747,3,1562,D19Rat26,1,19,21.16,P,1
39074,3,3226,D19Rat31,1,19,21.16,P,1
38692,3,3035,D19Rat51,1,19,21.2,F,0
36165,3,1771,D19Rat13,1,19,21.7099,P,0
35547,3,1462,D19Rat25,1,19,22.22,P,1.5
35881,3,1629,D19Rat11,1,19,22.25,F,0
42428,3,4962,D19Rat124,1,19,23.33,P,1
35128,3,1252,D19Rat24,1,19,28.02,P,2.4
34904,3,1138,D19Rat23,1,19,28.7,P,1
39212,3,3295,D19Rat46,1,19,29.06,P,1
37758,3,2568,D19Rat33,1,19,29.1799,P,.9
39394,3,3386,D19Rat92,1,19,29.1799,P,.9
39670,3,3524,D19Rat91,1,19,29.1799,P,.9
35415,3,1396,D19Rat22,1,19,29.1799,P,.9
42429,3,4963,D19Rat118,1,19,29.1799,P,.9
38110,3,2744,D19Rat35,1,19,30.18,F,0
37102,3,2240,D19Rat10,1,19,30.2099,P,3.1
10726,3,237,D19Arb2,1,19,30.2099,P,3.1
38394,3,2886,D19Rat53,1,19,30.2099,P,3.1
11389,3,482,D19Mgh2,1,19,30.2099,P,3.1
42430,3,4964,D19Rat117,1,19,31.33,P,1
40124,3,3751,D19Rat89,1,19,33.4299,P,3.1
42431,3,4965,D19Rat116,1,19,33.4299,P,3.1
39792,3,3585,D19Rat90,1,19,33.46,F,0
37994,3,2686,D19Rat45,1,19,33.5,P,3.1
33618,3,560,D19Mit7,1,19,35.68,P,1.1
39674,3,3526,D19Rat88,1,19,36.7599,F,0
36709,3,2043,D19Rat8,1,19,40.38,F,0
37594,3,2486,D20Rat41,1,20,0,P,.5
35593,3,1485,D20Rat17,1,20,0,P,.5
11206,3,409,D20Arb2,1,20,.16,P,.4
34749,3,1064,D20UW1,1,20,.16,P,.4
42102,3,4728,D20Arb7,1,20,2.3199,P,0
34908,3,1140,D20Rat2,1,20,2.3599,F,0
39522,3,3450,D20Rat59,1,20,4.6798,P,.8
37872,3,2625,D20Rat31,1,20,4.6798,P,1.1
34872,3,1122,D20Rat3,1,20,4.6798,P,1.1
10638,3,208,D20Arb4,1,20,6.8999,P,2.7
40318,3,3848,D20Rat60,1,20,6.8999,P,2.8
10637,3,207,D20Arb3,1,20,6.9298,F,0
38436,3,2907,D20Rat33,1,20,6.9698,P,1.8
35657,3,1517,D20Rat5,1,20,9.1099,F,0
42433,3,4966,D20Rat80,1,20,10.2098,P,1.2
37336,3,2357,D20Rat35,1,20,11.3499,P,1.2
36832,3,2105,D20Rat15,1,20,11.3499,P,1.2
36265,3,1821,D20Rat14,1,20,11.3499,P,1.2
41716,3,4547,D20Rat68,1,20,12.4099,P,3.1
37238,3,2308,D20Rat20,1,20,12.4099,P,3.1
37652,3,2515,D20Rat26,1,20,12.4099,P,3.1
34817,3,1094,D20Rat8,1,20,12.4099,P,3.1
35212,3,1294,D20Rat13,1,20,12.4099,P,3.1
39290,3,3334,D20Rat28,1,20,12.4099,P,3.1
41662,3,4520,D20Rat69,1,20,12.4099,P,3.1
35182,3,1279,D20Rat6,1,20,12.4099,P,3.1
38910,3,3144,D20Rat23,1,20,12.4099,P,3.1
37582,3,2480,D20Rat36,1,20,12.4099,P,3.1
37888,3,2633,D20Rat34,1,20,12.4099,P,3.1
37882,3,2630,D20Rat25,1,20,12.4399,F,0
40182,3,3780,D20Rat62,1,20,12.4798,P,3.1
37764,3,2571,D20Rat30,1,20,12.4798,P,1.8
36733,3,2055,D20Rat7,1,20,12.4798,P,3.1
39998,3,3688,D20Rat64,1,20,14.6298,F,0
38180,3,2779,D20Rat27,1,20,14.6699,P,3.1
39396,3,3387,D20Rat63,1,20,14.6699,P,3.1
38216,3,2797,D20Rat22,1,20,14.6699,P,3.1
41700,3,4539,D20Rat70,1,20,15.7299,P,1.2
38856,3,3117,D20Rat44,1,20,15.7299,P,1.2
38714,3,3046,D20Rat43,1,20,15.7299,P,1.2
40194,3,3786,D20Rat65,1,20,15.7299,P,1.2
33876,3,689,D20Mit4,1,20,15.7299,P,1.2
36785,3,2081,D20Rat12,1,20,17.9399,F,0
37368,3,2373,D20Rat18,1,20,24.7398,P,3.1
35993,3,1685,D20Rat11,1,20,24.7398,F,0
11106,3,366,D20Arb6,1,20,24.7799,P,3.1
37570,3,2474,D20Rat38,1,20,31.8198,F,0
37792,3,2585,D20Rat29,1,20,31.8299,P,.1
35459,3,1418,D20Rat16,1,20,31.8299,P,.1
33997,3,750,D20Mit1,1,20,31.8299,P,.1
42434,3,4967,D20Rat81,1,20,31.8599,P,0
42096,3,4727,D20Arb10,1,20,34.0098,P,.8
36474,3,1925,DXRat4,1,21,0,P,3.1
39206,3,3292,DXRat62,1,21,.04,F,0
35044,3,1209,DXRat5,1,21,.08,P,3.1
38614,3,2996,DXRat47,1,21,2.3599,P,.8
36133,3,1755,DXRat6,1,21,4.63,F,0
37772,3,2575,DXRat53,1,21,5.73,P,1.1
35931,3,1654,DXRat7,1,21,6.83,F,0
38378,3,2878,DXRat36,1,21,7.93,P,1.2
39154,3,3266,DXRat83,1,21,7.93,P,1.2
39244,3,3311,DXRat40,1,21,7.93,P,1.2
36111,3,1744,DXRat8,1,21,7.93,P,1.2
35240,3,1308,DXRat24,1,21,9.03,F,0
36301,3,1839,DXRat9,1,21,9.07,P,3.1
35058,3,1217,DXRat106,1,21,11.27,P,1.2
40118,3,3748,DXRat107,1,21,12.33,P,3.1
39284,3,3331,DXRat41,1,21,12.33,P,3.1
42435,3,4968,DXRat143,1,21,12.33,P,3.1
40108,3,3743,DXRat108,1,21,12.36,F,0
39798,3,3588,DXRat109,1,21,13.45,P,1.2
42436,3,4969,DXRat144,1,21,13.45,P,1.2
35331,3,1354,DXRat25,1,21,14.5099,P,2.6
42437,3,4970,DXRat145,1,21,14.5099,P,2.6
42253,3,4793,DXArb10,1,21,14.5099,P,2.6
39948,3,3663,DXRat110,1,21,14.55,F,0
38874,3,3126,DXRat42,1,21,14.59,P,2.6
36153,3,1765,DXRat10,1,21,15.65,P,1
37306,3,2342,DXRat46,1,21,16.68,P,1.9
38398,3,2888,DXRat54,1,21,16.69,P,3.1
38374,3,2876,DXRat67,1,21,16.69,P,3.1
39898,3,3638,DXRat111,1,21,16.69,P,3.1
33575,3,538,DXMit5,1,21,16.69,P,3.1
39080,3,3229,DXRat59,1,21,16.69,P,3.1
34961,3,1167,DXRat26,1,21,16.72,F,0
36771,3,2074,DXRat12,1,21,16.76,P,3.1
40216,3,3797,DXRat112,1,21,16.76,P,3.1
38832,3,3105,DXRat61,1,21,16.76,P,3.1
36035,3,1706,DXRat13,1,21,16.76,P,3.1
42438,3,4971,DXRat146,1,21,16.76,P,3.1
38176,3,2777,D7Rat156,1,21,16.76,P,3.1
35407,3,1392,DXRat27,1,21,17.8,P,1
42255,3,4794,DXArb11,1,21,17.8,P,1
42257,3,4795,DXArb12,1,21,17.8,P,1
34892,3,1132,DXRat28,1,21,18.97,P,2.6
40508,3,3943,DXRat88,1,21,20.14,P,3.1
33717,3,609,DXMit4,1,21,21.3199,P,2.5
38042,3,2710,DXRat56,1,21,21.8699,P,1.1
35156,3,1266,DXRat29,1,21,22.26,P,1
37338,3,2358,DXRat30,1,21,22.2799,P,1
38500,3,2939,DXRat57,1,21,22.4799,P,.9
37056,3,2217,DXRat31,1,21,23.52,P,3.1
38278,3,2828,DXRat43,1,21,23.52,F,0
39810,3,3594,DXRat113,1,21,24.59,P,.9
37252,3,2315,DXRat52,1,21,25.7399,P,1.1
38560,3,2969,DXRat50,1,21,26.82,F,0
38644,3,3011,DXRat45,1,21,27.91,P,1.1
42439,3,4972,DXRat147,1,21,27.91,P,1.1
37492,3,2435,DXRat71,1,21,27.91,P,1.1
35739,3,1558,DXRat17,1,21,27.91,P,1.1
40294,3,3836,DXRat114,1,21,27.91,P,1.1
36735,3,2056,DXRat32,1,21,28,P,1.1
38890,3,3134,DXRat34,1,21,28,P,1.1
38822,3,3100,DXRat51,1,21,28,P,1.1
38154,3,2766,DXRat58,1,21,28.3,P,1.2
39636,3,3507,DXRat115,1,21,31.31,F,0
42440,3,4973,DXRat148,1,21,32.4,P,1.1
10125,3,26,DXMgh7,1,21,34.6,P,2.4
39120,3,3249,DXRat69,1,21,34.63,F,0
39210,3,3294,DXRat64,1,21,35.72,P,1.1
40522,3,3950,DXRat98,1,21,36.86,P,.4
41896,3,4637,DXRat149,1,21,39.06,P,0
39840,3,3609,DXRat117,1,21,39.06,P,0
36247,3,1812,DXRat130,1,21,39.06,P,3.1
36215,3,1796,DXRat23,1,21,39.06,P,.1
39498,3,3438,DXRat118,1,21,39.06,P,3.1
39142,3,3260,DXRat55,1,21,39.09,F,0
39434,3,3406,DXRat116,1,21,39.13,P,.1
39514,3,3446,DXRat119,1,21,40.17,P,.2
42441,3,4974,DXRat150,1,21,40.35,P,.3
34783,3,1077,DXRat21,1,21,40.46,P,.3
